,Environment,Algorithm,X,Y,Low,High
0,A2,Gridworld-DRQN-fta,"[    0   100   200   300   400   500   600   700   800   900  1000  1100
  1200  1300  1400  1500  1600  1700  1800  1900  2000  2100  2200  2300
  2400  2500  2600  2700  2800  2900  3000  3100  3200  3300  3400  3500
  3600  3700  3800  3900  4000  4100  4200  4300  4400  4500  4600  4700
  4800  4900  5000  5100  5200  5300  5400  5500  5600  5700  5800  5900
  6000  6100  6200  6300  6400  6500  6600  6700  6800  6900  7000  7100
  7200  7300  7400  7500  7600  7700  7800  7900  8000  8100  8200  8300
  8400  8500  8600  8700  8800  8900  9000  9100  9200  9300  9400  9500
  9600  9700  9800  9900 10000 10100 10200 10300 10400 10500 10600 10700
 10800 10900 11000 11100 11200 11300 11400 11500 11600 11700 11800 11900
 12000 12100 12200 12300 12400 12500 12600 12700 12800 12900 13000 13100
 13200 13300 13400 13500 13600 13700 13800 13900 14000 14100 14200 14300
 14400 14500 14600 14700 14800 14900 15000 15100 15200 15300 15400 15500
 15600 15700 15800 15900 16000 16100 16200 16300 16400 16500 16600 16700
 16800 16900 17000 17100 17200 17300 17400 17500 17600 17700 17800 17900
 18000 18100 18200 18300 18400 18500 18600 18700 18800 18900 19000 19100
 19200 19300 19400 19500 19600 19700 19800 19900 20000 20100 20200 20300
 20400 20500 20600 20700 20800 20900 21000 21100 21200 21300 21400 21500
 21600 21700 21800 21900 22000 22100 22200 22300 22400 22500 22600 22700
 22800 22900 23000 23100 23200 23300 23400 23500 23600 23700 23800 23900
 24000 24100 24200 24300 24400 24500 24600 24700 24800 24900 25000 25100
 25200 25300 25400 25500 25600 25700 25800 25900 26000 26100 26200 26300
 26400 26500 26600 26700 26800 26900 27000 27100 27200 27300 27400 27500
 27600 27700 27800 27900 28000 28100 28200 28300 28400 28500 28600 28700
 28800 28900 29000 29100 29200 29300 29400 29500 29600 29700 29800 29900
 30000 30100 30200 30300 30400 30500 30600 30700 30800 30900 31000 31100
 31200 31300 31400 31500 31600 31700 31800 31900 32000 32100 32200 32300
 32400 32500 32600 32700 32800 32900 33000 33100 33200 33300 33400 33500
 33600 33700 33800 33900 34000 34100 34200 34300 34400 34500 34600 34700
 34800 34900 35000 35100 35200 35300 35400 35500 35600 35700 35800 35900
 36000 36100 36200 36300 36400 36500 36600 36700 36800 36900 37000 37100
 37200 37300 37400 37500 37600 37700 37800 37900 38000 38100 38200 38300
 38400 38500 38600 38700 38800 38900 39000 39100 39200 39300 39400 39500
 39600 39700 39800 39900 40000 40100 40200 40300 40400 40500 40600 40700
 40800 40900 41000 41100 41200 41300 41400 41500 41600 41700 41800 41900
 42000 42100 42200 42300 42400 42500 42600 42700 42800 42900 43000 43100
 43200 43300 43400 43500 43600 43700 43800 43900 44000 44100 44200 44300
 44400 44500 44600 44700 44800 44900 45000 45100 45200 45300 45400 45500
 45600 45700 45800 45900 46000 46100 46200 46300 46400 46500 46600 46700
 46800 46900 47000 47100 47200 47300 47400 47500 47600 47700 47800 47900
 48000 48100 48200 48300 48400 48500 48600 48700 48800 48900 49000 49100
 49200 49300 49400 49500 49600 49700 49800 49900 50000 50100 50200 50300
 50400 50500 50600 50700 50800 50900 51000 51100 51200 51300 51400 51500
 51600 51700 51800 51900 52000 52100 52200 52300 52400 52500 52600 52700
 52800 52900 53000 53100 53200 53300 53400 53500 53600 53700 53800 53900
 54000 54100 54200 54300 54400 54500 54600 54700 54800 54900 55000 55100
 55200 55300 55400 55500 55600 55700 55800 55900 56000 56100 56200 56300
 56400 56500 56600 56700 56800 56900 57000 57100 57200 57300 57400 57500
 57600 57700 57800 57900 58000 58100 58200 58300 58400 58500 58600 58700
 58800 58900 59000 59100 59200 59300 59400 59500 59600 59700 59800 59900
 60000 60100 60200 60300 60400 60500 60600 60700 60800 60900 61000 61100
 61200 61300 61400 61500 61600 61700 61800 61900 62000 62100 62200 62300
 62400 62500 62600 62700 62800 62900 63000 63100 63200 63300 63400 63500
 63600 63700 63800 63900 64000 64100 64200 64300 64400 64500 64600 64700
 64800 64900 65000 65100 65200 65300 65400 65500 65600 65700 65800 65900
 66000 66100 66200 66300 66400 66500 66600 66700 66800 66900 67000 67100
 67200 67300 67400 67500 67600 67700 67800 67900 68000 68100 68200 68300
 68400 68500 68600 68700 68800 68900 69000 69100 69200 69300 69400 69500
 69600 69700 69800 69900 70000 70100 70200 70300 70400 70500 70600 70700
 70800 70900 71000 71100 71200 71300 71400 71500 71600 71700 71800 71900
 72000 72100 72200 72300 72400 72500 72600 72700 72800 72900 73000 73100
 73200 73300 73400 73500 73600 73700 73800 73900 74000 74100 74200 74300
 74400 74500 74600 74700 74800 74900 75000 75100 75200 75300 75400 75500
 75600 75700 75800 75900 76000 76100 76200 76300 76400 76500 76600 76700
 76800 76900 77000 77100 77200 77300 77400 77500 77600 77700 77800 77900
 78000 78100 78200 78300 78400 78500 78600 78700 78800 78900 79000 79100
 79200 79300 79400 79500 79600 79700 79800 79900 80000 80100 80200 80300
 80400 80500 80600 80700 80800 80900 81000 81100 81200 81300 81400 81500
 81600 81700 81800 81900 82000 82100 82200 82300 82400 82500 82600 82700
 82800 82900 83000 83100 83200 83300 83400 83500 83600 83700 83800 83900
 84000 84100 84200 84300 84400 84500 84600 84700 84800 84900 85000 85100
 85200 85300 85400 85500 85600 85700 85800 85900 86000 86100 86200 86300
 86400 86500 86600 86700 86800 86900 87000 87100 87200 87300 87400 87500
 87600 87700 87800 87900 88000 88100 88200 88300 88400 88500 88600 88700
 88800 88900 89000 89100 89200 89300 89400 89500 89600 89700 89800 89900
 90000 90100 90200 90300 90400 90500 90600 90700 90800 90900 91000 91100
 91200 91300 91400 91500 91600 91700 91800 91900 92000 92100 92200 92300
 92400 92500 92600 92700 92800 92900 93000 93100 93200 93300 93400 93500
 93600 93700 93800 93900 94000 94100 94200 94300 94400 94500 94600 94700
 94800 94900 95000 95100 95200 95300 95400 95500 95600 95700 95800 95900
 96000 96100 96200 96300 96400 96500 96600 96700 96800 96900 97000 97100
 97200 97300 97400 97500 97600 97700 97800 97900 98000 98100 98200 98300
 98400 98500 98600 98700 98800 98900 99000 99100 99200 99300 99400 99500
 99600 99700 99800 99900]","[1.81654138e+01 5.73446638e-01 5.00537925e+00 1.62200411e+00
 5.95397521e-01 6.17552485e-01 2.70774013e-01 3.19471612e-01
 2.24680800e-01 2.44197278e-01 2.28472931e-01 2.05979308e-01
 4.03575434e-01 2.03654181e-01 2.00937171e-01 1.74011575e-01
 1.70011007e-01 1.43833511e-01 1.41509677e-01 1.61421732e-01
 1.66914122e-01 1.44114852e-01 1.54799138e-01 1.58899873e-01
 1.52594015e-01 1.35301715e-01 1.30856339e-01 1.39235783e-01
 1.40985288e-01 1.26025968e-01 1.53895305e-01 1.20833301e-01
 1.33240832e-01 1.38940156e-01 1.34108751e-01 1.10191830e-01
 1.05734076e-01 1.07380954e-01 1.03040091e-01 1.16230833e-01
 1.09731791e-01 1.24403024e-01 1.13261004e-01 1.26826443e-01
 1.08759315e-01 9.88339060e-02 9.68548704e-02 9.58583832e-02
 1.03998255e-01 8.47521746e-02 8.35211402e-02 9.45166049e-02
 8.39772858e-02 1.05710740e-01 8.23141986e-02 8.41639389e-02
 8.22776157e-02 6.83486542e-02 8.47990130e-02 1.07464004e-01
 8.45582986e-02 6.34001127e-02 9.25224909e-02 8.54952005e-02
 8.45569625e-02 8.14494489e-02 8.56547924e-02 9.48466681e-02
 9.77734787e-02 9.51676518e-02 7.69330888e-02 7.61954412e-02
 7.26801048e-02 6.93434096e-02 6.28151743e-02 8.35145581e-02
 7.99218321e-02 9.47650202e-02 7.18534231e-02 7.90277534e-02
 4.67016511e-02 6.63640384e-02 8.19707418e-02 8.24484718e-02
 6.41526293e-02 6.54120041e-02 5.65568692e-02 6.15453756e-02
 6.36025780e-02 6.36824757e-02 5.84155425e-02 5.52912166e-02
 4.73749189e-02 6.43691029e-02 5.26646343e-02 7.19466622e-02
 8.64475015e-02 6.31562911e-02 6.02670004e-02 5.72066016e-02
 6.79898483e-02 7.24861892e-02 6.29213453e-02 6.13631764e-02
 6.75771526e-02 6.32482529e-02 6.52148988e-02 5.72690800e-02
 7.25795055e-02 5.98670767e-02 8.05744519e-02 7.63710785e-02
 5.60224177e-02 6.14373864e-02 6.66356481e-02 5.54819295e-02
 8.22731064e-02 5.69745837e-02 5.85746979e-02 6.62958374e-02
 6.23646654e-02 5.67434353e-02 5.77515445e-02 4.54149422e-02
 4.86938701e-02 4.63250266e-02 5.21946668e-02 7.17678822e-02
 6.32656968e-02 5.52235909e-02 5.28829253e-02 5.43194415e-02
 5.23437685e-02 4.74407773e-02 5.77014380e-02 6.24950505e-02
 4.24802518e-02 4.18770625e-02 6.14688482e-02 5.42289699e-02
 4.29224696e-02 5.37578495e-02 4.89679268e-02 4.27848144e-02
 4.64721164e-02 4.58587163e-02 3.80954009e-02 4.32302984e-02
 4.12543484e-02 5.31438078e-02 3.97535257e-02 2.91213676e-02
 3.93890330e-02 2.81320106e-02 4.17619695e-02 4.34285917e-02
 4.03867857e-02 3.28725889e-02 3.79942953e-02 4.36356154e-02
 3.47736993e-02 4.19722801e-02 2.45029527e-02 3.94005052e-02
 3.66422657e-02 3.59296214e-02 4.17003451e-02 3.11474986e-02
 4.42397954e-02 4.37088455e-02 3.99297336e-02 4.24987566e-02
 4.42329074e-02 3.65202679e-02 4.33000850e-02 4.02310894e-02
 3.09495186e-02 3.48233483e-02 3.56526689e-02 3.80871050e-02
 3.02746444e-02 3.23560686e-02 3.30802485e-02 3.26707014e-02
 3.49436572e-02 3.68565011e-02 3.49749321e-02 2.81594388e-02
 4.35407071e-02 3.94932046e-02 4.07948202e-02 4.43937470e-02
 4.13070182e-02 4.00920799e-02 2.97153619e-02 3.83889794e-02
 2.92013822e-02 3.11849820e-02 3.20294619e-02 3.00013561e-02
 3.48092119e-02 2.88889297e-02 2.79622880e-02 2.77749357e-02
 3.30752254e-02 3.31608496e-02 3.22567607e-02 2.76707336e-02
 3.35825878e-02 2.01412110e-02 2.38200310e-02 2.32001025e-02
 2.52580359e-02 3.29408710e-02 2.72589433e-02 2.10577168e-02
 2.93690899e-02 3.29541704e-02 3.00779941e-02 3.07577692e-02
 3.66687441e-02 2.41545247e-02 2.65524420e-02 3.33502408e-02
 2.87374276e-02 1.91863090e-02 3.00379551e-02 2.68669206e-02
 2.87139855e-02 2.46004835e-02 2.87951632e-02 4.29657756e-02
 3.47925973e-02 3.40250110e-02 1.90337162e-02 2.22294001e-02
 2.53177763e-02 3.27932538e-02 2.34687135e-02 3.65497810e-02
 2.03890098e-02 3.10703007e-02 2.07225846e-02 2.63544464e-02
 2.82029686e-02 2.53391001e-02 2.93331643e-02 3.01026758e-02
 3.24474920e-02 2.46308459e-02 2.45284820e-02 2.66081268e-02
 2.53022654e-02 2.65196384e-02 2.70698760e-02 2.74937496e-02
 2.59288370e-02 2.35787845e-02 2.41108904e-02 2.87956884e-02
 2.93825057e-02 2.41090715e-02 2.14074944e-02 1.98592535e-02
 2.52637736e-02 2.62639354e-02 2.41052549e-02 2.08484519e-02
 1.98834868e-02 2.42134070e-02 2.36947909e-02 3.09531450e-02
 2.01580315e-02 2.10320456e-02 2.13235876e-02 1.83539615e-02
 2.31195141e-02 2.29052831e-02 2.37137262e-02 2.76008862e-02
 2.40559520e-02 2.19386031e-02 1.99262085e-02 3.35407639e-02
 2.51187731e-02 2.23789908e-02 1.95209103e-02 2.47482739e-02
 1.94774298e-02 2.72853755e-02 2.06079906e-02 2.80429867e-02
 2.25738337e-02 3.44209306e-02 2.43396223e-02 2.72861383e-02
 2.20667250e-02 2.15088658e-02 2.43161112e-02 3.03568710e-02
 2.26278301e-02 1.76816916e-02 2.03551419e-02 2.41236981e-02
 2.33599107e-02 1.45616550e-02 2.11396687e-02 1.81167121e-02
 1.99637068e-02 1.99000212e-02 2.06571153e-02 2.10216697e-02
 2.00606786e-02 1.77873622e-02 2.36094753e-02 1.87087810e-02
 2.28865403e-02 2.70978456e-02 1.96975667e-02 2.40652652e-02
 1.94971223e-02 2.47399599e-02 2.46482563e-02 1.57779246e-02
 1.90759117e-02 1.69946051e-02 1.71229733e-02 1.93454173e-02
 1.86564204e-02 2.16542969e-02 2.10997797e-02 1.92756896e-02
 1.94595630e-02 2.19161780e-02 1.87403501e-02 1.87541111e-02
 2.41907606e-02 1.68915307e-02 1.81902194e-02 1.85768359e-02
 1.69598790e-02 1.91384139e-02 1.68669971e-02 1.76481247e-02
 1.53473078e-02 1.96981097e-02 1.25860893e-02 1.38494756e-02
 1.47787229e-02 1.87335844e-02 2.18113434e-02 1.69249310e-02
 1.89268592e-02 1.48987938e-02 1.56545659e-02 1.45281848e-02
 1.45546565e-02 1.26984826e-02 1.92316960e-02 7.59535951e-03
 1.82234932e-02 1.44525774e-02 1.69133593e-02 1.72142798e-02
 1.50419038e-02 1.34164160e-02 1.58532253e-02 1.62832555e-02
 1.46346941e-02 1.58935976e-02 1.20898298e-02 1.79264333e-02
 1.69866252e-02 1.03781471e-02 1.27426371e-02 1.35511696e-02
 1.81054710e-02 1.31554537e-02 1.70580094e-02 1.04005960e-02
 1.57701347e-02 1.23736607e-02 1.69820119e-02 1.62012269e-02
 1.52901073e-02 1.65208105e-02 1.18331554e-02 1.58017776e-02
 1.45326350e-02 1.50848902e-02 1.52293305e-02 1.75019450e-02
 1.28533673e-02 1.42414652e-02 1.01082391e-02 1.42396821e-02
 1.51818424e-02 1.55265515e-02 1.28892370e-02 1.24313310e-02
 1.65457929e-02 1.66527655e-02 1.37454692e-02 1.05866322e-02
 1.64429742e-02 1.31221307e-02 1.37957716e-02 1.13714516e-02
 1.53915591e-02 1.14443538e-02 1.59781554e-02 1.36573696e-02
 1.47245817e-02 1.47674464e-02 1.29793322e-02 1.42211403e-02
 1.26323746e-02 1.31129042e-02 9.25359860e-03 7.66266859e-03
 1.49181491e-02 1.10354751e-02 1.06017635e-02 1.12692047e-02
 1.57038797e-02 1.43499603e-02 1.00197045e-02 1.09047229e-02
 1.54997536e-02 1.40980194e-02 1.50794041e-02 1.55508944e-02
 1.24875183e-02 1.13272882e-02 1.24227669e-02 1.35568146e-02
 9.45736556e-03 9.31313080e-03 1.28752244e-02 1.35637000e-02
 1.07978389e-02 1.37152287e-02 1.28650119e-02 8.16671212e-03
 1.10417614e-02 1.06842145e-02 1.18550511e-02 9.61662029e-03
 1.13269811e-02 1.11796948e-02 8.89304042e-03 1.53080087e-02
 1.44069433e-02 1.00553400e-02 9.33270162e-03 1.35028875e-02
 1.16966419e-02 1.26902211e-02 1.02150627e-02 8.09649896e-03
 1.04293157e-02 1.17116040e-02 9.60097350e-03 8.58685984e-03
 9.24130121e-03 1.15232053e-02 1.60266320e-02 8.93941848e-03
 1.42534857e-02 1.31926884e-02 1.02531737e-02 1.23038358e-02
 9.84081237e-03 9.20678386e-03 8.97613951e-03 8.94873528e-03
 1.07724563e-02 1.29146728e-02 1.05753127e-02 1.01313414e-02
 9.09513049e-03 1.37392827e-02 1.07387236e-02 9.67422228e-03
 1.08908217e-02 9.50208459e-03 1.02482954e-02 9.23496475e-03
 9.58614540e-03 9.73486169e-03 1.19049633e-02 9.11290361e-03
 1.05307924e-02 9.11598186e-03 9.07940289e-03 1.04372596e-02
 9.74812720e-03 8.39989530e-03 1.07898241e-02 9.80556482e-03
 7.87604904e-03 7.63818181e-03 1.01147651e-02 8.99777891e-03
 1.18206244e-02 9.65938617e-03 7.51357855e-03 1.15478475e-02
 8.03207772e-03 9.49140185e-03 8.36142559e-03 8.28907681e-03
 9.34717040e-03 9.45138089e-03 1.24069566e-02 1.00030599e-02
 7.29128359e-03 7.21517478e-03 8.96270129e-03 6.74505231e-03
 1.01842695e-02 1.00640964e-02 7.12656222e-03 1.03189548e-02
 7.73527381e-03 8.26063891e-03 6.79396813e-03 9.75537197e-03
 9.24155706e-03 9.95551155e-03 1.02681113e-02 1.00428550e-02
 9.58624639e-03 9.17590989e-03 7.70330894e-03 8.48941285e-03
 8.94697842e-03 1.40102673e-02 4.49310742e-03 8.74602377e-03
 1.04338678e-02 1.11990543e-02 6.02148095e-03 8.98595294e-03
 1.17866974e-02 9.55630897e-03 8.15797343e-03 9.74574004e-03
 9.59254157e-03 1.05036856e-02 8.36780206e-03 9.62461592e-03
 1.18280926e-02 7.13910305e-03 6.24951051e-03 9.07288101e-03
 8.02486959e-03 7.75960784e-03 6.63013046e-03 8.80418420e-03
 8.18928500e-03 6.53011248e-03 7.02225975e-03 6.27350540e-03
 6.82864090e-03 7.43919298e-03 7.88382697e-03 1.04899751e-02
 7.08849657e-03 1.12967676e-02 8.64169399e-03 7.71434469e-03
 1.08832307e-02 9.63709711e-03 7.98785783e-03 6.03844516e-03
 6.62994595e-03 7.02669193e-03 1.12433800e-02 8.93859458e-03
 6.85430142e-03 8.21897242e-03 7.81617497e-03 7.53508403e-03
 9.37406274e-03 8.96445166e-03 7.78193182e-03 5.62842986e-03
 6.44397947e-03 7.58878265e-03 7.82215504e-03 9.11157526e-03
 6.88406669e-03 5.18113003e-03 6.56296709e-03 6.21145107e-03
 8.20379971e-03 9.82593697e-03 8.61015993e-03 6.98510223e-03
 7.54713779e-03 7.68443156e-03 7.85295270e-03 6.00528777e-03
 7.07234439e-03 7.48783973e-03 7.53054451e-03 5.06591791e-03
 4.97724726e-03 4.16877045e-03 5.82784706e-03 6.02833705e-03
 8.53841394e-03 8.98779501e-03 5.47154552e-03 7.20153522e-03
 7.48782586e-03 7.57708330e-03 6.95674751e-03 6.60240047e-03
 7.27476736e-03 6.67207042e-03 6.87366090e-03 6.78775612e-03
 6.37564087e-03 7.51368031e-03 5.65078488e-03 5.33151487e-03
 5.51790826e-03 5.54254382e-03 7.29820407e-03 4.93006381e-03
 8.24165883e-03 4.76986447e-03 5.30661117e-03 5.36836096e-03
 3.93971220e-03 4.30334984e-03 7.32783318e-03 7.97406870e-03
 7.07728360e-03 6.41298492e-03 6.66412493e-03 4.20122733e-03
 3.88817821e-03 4.97768286e-03 6.08096319e-03 3.05066361e-03
 5.01968719e-03 4.85683146e-03 4.11300171e-03 8.28121352e-03
 6.02003170e-03 3.86283352e-03 5.08391966e-03 3.91931171e-03
 4.92246260e-03 5.69787937e-03 2.69444987e-03 5.26498494e-03
 4.62046770e-03 3.30282782e-03 5.50119116e-03 6.02611137e-03
 3.40757343e-03 4.79625880e-03 4.72108147e-03 5.24332915e-03
 4.93333325e-03 7.47621957e-03 6.46469019e-03 6.68055527e-03
 6.66086417e-03 4.67542412e-03 3.46025178e-03 6.79497405e-03
 3.48878711e-03 4.91753692e-03 3.91548983e-03 4.65682056e-03
 3.19785627e-03 5.97444041e-03 7.81420465e-03 5.37657430e-03
 4.13077636e-03 3.88134907e-03 4.94965390e-03 5.77034876e-03
 5.32199952e-03 5.55931432e-03 3.29218146e-03 4.91313821e-03
 5.34770115e-03 4.04362680e-03 4.85868761e-03 4.78374282e-03
 4.51303463e-03 5.00651345e-03 5.14319231e-03 3.31200563e-03
 4.10054527e-03 5.32617854e-03 3.90755419e-03 2.69069180e-03
 4.60627511e-03 2.94739305e-03 3.33934470e-03 5.04373666e-03
 3.03091586e-03 5.01414591e-03 4.39825511e-03 4.60439792e-03
 4.77015403e-03 3.39048676e-03 4.61376056e-03 4.18411786e-03
 4.64760122e-03 2.90940512e-03 4.73677344e-03 3.38458458e-03
 3.70653199e-03 3.14443579e-03 3.39148233e-03 4.23461447e-03
 4.68558060e-03 4.23660528e-03 2.19244736e-03 3.01526359e-03
 3.49980084e-03 3.27581910e-03 1.98205584e-03 6.04392752e-03
 3.93685521e-03 4.52171061e-03 3.49157888e-03 3.60919414e-03
 3.18135219e-03 2.61952683e-03 3.56305068e-03 3.74618975e-03
 4.10169110e-03 3.35916563e-03 4.05334139e-03 4.31769701e-03
 2.16486959e-03 2.80704192e-03 3.75015733e-03 3.22468668e-03
 4.07011746e-03 4.13929276e-03 1.99867284e-03 1.97137454e-03
 4.39924291e-03 3.03627089e-03 4.37242465e-03 2.25413480e-03
 4.27724375e-03 4.39127614e-03 1.43498094e-03 2.89689135e-03
 1.91725374e-03 3.87266897e-03 1.96998789e-03 2.81797678e-03
 2.46668604e-03 3.08642074e-03 2.69831737e-03 2.69884575e-03
 1.79172211e-03 3.20839066e-03 3.45327768e-03 3.14769970e-03
 2.33191260e-03 3.82578657e-03 2.64226617e-03 2.08256834e-03
 1.48970954e-03 2.82253711e-03 3.16869962e-03 4.02962695e-03
 2.56056048e-03 2.49218126e-03 2.11757569e-03 2.51614902e-03
 2.69231358e-03 3.26168874e-03 2.46154494e-03 2.76821292e-03
 2.37291473e-03 1.72506844e-03 2.79840662e-03 4.06647726e-03
 3.09882687e-03 2.63788707e-03 1.33662087e-03 1.94098711e-03
 2.57496596e-03 3.87124977e-03 2.43774913e-03 1.54767575e-03
 2.19762373e-03 3.46414412e-03 2.63777926e-03 1.38327487e-03
 2.43162162e-03 1.64056680e-03 2.88066292e-03 2.23125609e-03
 1.29338829e-03 1.63071777e-03 1.72055592e-03 1.57652195e-03
 1.81676286e-03 1.10809190e-03 1.30132192e-03 3.73813962e-03
 2.02317587e-03 2.00857037e-03 1.53280934e-03 3.04405898e-03
 1.64618702e-03 1.72426985e-03 1.95337923e-03 2.93795110e-03
 1.39547384e-03 1.09416122e-03 2.16557788e-03 1.64489828e-03
 1.97681293e-03 1.92783620e-03 3.28287146e-03 2.89012646e-03
 1.55778809e-03 1.17476414e-03 1.11142315e-03 2.25022462e-03
 1.79807196e-03 1.97272074e-03 8.57889513e-04 2.31133631e-03
 2.29124446e-03 2.59258397e-03 1.86965381e-03 1.93626976e-03
 1.95892277e-03 1.74363663e-03 1.63632689e-03 2.89182828e-03
 2.01208880e-03 1.92617665e-03 1.69692438e-03 1.76920469e-03
 2.22606663e-03 9.76769722e-04 7.98296312e-04 1.97563165e-03
 1.87439036e-03 1.36766789e-03 2.17697113e-03 1.66543946e-03
 2.20798607e-03 2.08235668e-03 4.79870622e-04 2.20072179e-03
 1.54269710e-03 2.68021275e-03 2.42012650e-03 9.36770924e-04
 1.48469631e-03 1.56313038e-03 2.48227236e-03 1.48632476e-03
 2.11579202e-03 1.46630140e-03 1.80338686e-03 2.36724505e-03
 1.68962767e-03 2.93798059e-03 2.08771320e-03 1.52591593e-03
 2.05146240e-03 1.99647976e-03 1.79999572e-03 1.24246590e-03
 1.37415031e-03 1.95629082e-03 1.64698363e-03 1.48885846e-03
 1.95918552e-03 1.13888287e-03 1.15706029e-03 1.88214475e-03
 1.54610886e-03 9.09600703e-04 2.05803657e-03 1.66894081e-03
 1.67502433e-03 8.38682756e-04 1.48866535e-03 8.28711752e-04
 2.69645467e-03 1.83201198e-03 1.81670592e-03 2.11814946e-03
 2.78021220e-03 1.09882723e-03 8.73948256e-04 2.33547596e-03
 1.07825991e-03 1.60085930e-03 1.32480913e-03 8.46871697e-04
 1.63993269e-03 1.63756220e-03 1.36962533e-03 1.65295073e-03
 2.53538832e-03 1.36744950e-03 7.40965393e-04 1.35559327e-03
 1.85521174e-03 2.40975494e-03 1.36172112e-03 9.63973324e-04
 1.80352843e-03 1.54010740e-03 7.08458503e-04 3.31116770e-04
 1.75423719e-03 9.82156309e-04 5.49243398e-04 1.41204730e-03
 6.40352387e-04 2.37920556e-03 1.32964847e-03 1.19274178e-03
 1.04762797e-03 1.44194666e-03 1.32195673e-03 2.91966365e-03
 1.39388977e-03 1.54406887e-03 1.30845176e-03 1.37190731e-03
 7.88039602e-04 1.16936549e-03 1.53970837e-03 6.18351845e-04
 5.90520763e-04 1.10165469e-03 1.44108993e-03 1.14873808e-03
 1.42091874e-03 4.09808393e-04 1.33718362e-03 1.24419569e-03
 1.26062638e-03 1.91866683e-03 1.59926898e-03 3.20359360e-04
 6.80037330e-04 1.13838581e-03 5.22609077e-04 5.08383466e-04
 1.58929484e-03 1.75869574e-03 1.31752584e-04 1.55046603e-03
 1.81575425e-03 7.88093241e-04 1.33457017e-03 1.07518108e-03
 1.33228565e-03 8.53005568e-04 1.00543589e-03 8.84717843e-04
 1.29314717e-03 9.64502455e-04 1.70272970e-03 1.46940920e-03
 2.59703436e-03 1.36862329e-03 1.76909967e-03 9.57246497e-04
 1.60674138e-03 1.84143955e-03 9.90627944e-04 7.61947795e-04
 9.47550692e-04 1.25599239e-03 3.40274726e-04 1.59269647e-03
 1.39128226e-03 1.06474570e-03 2.09967392e-03 1.66641505e-03
 1.21141882e-03 8.22140460e-04 1.05473336e-03 1.13297728e-03]","[4.52482815e-01 3.24900265e-01 3.09459182e-01 2.39013335e-01
 2.62216525e-01 2.43335193e-01 1.89534092e-01 2.00256839e-01
 1.70373329e-01 1.65912377e-01 1.62080669e-01 1.55616776e-01
 1.45809035e-01 1.27978948e-01 1.28330245e-01 1.21792229e-01
 1.35266092e-01 1.06797141e-01 1.11233625e-01 1.14920192e-01
 1.23382941e-01 1.15409343e-01 1.04709400e-01 1.23196199e-01
 1.21442933e-01 1.06963319e-01 1.00653265e-01 9.88187220e-02
 9.89740079e-02 8.93703063e-02 1.17131400e-01 8.88247756e-02
 8.42352630e-02 1.03595378e-01 9.04202512e-02 7.86222558e-02
 7.77266636e-02 7.45108752e-02 7.12298967e-02 7.99334986e-02
 7.84199563e-02 8.48593558e-02 7.92390585e-02 8.55641509e-02
 6.88983410e-02 6.08486505e-02 5.80046384e-02 5.68489328e-02
 6.98693279e-02 5.86549917e-02 5.73383247e-02 6.62219767e-02
 5.60712431e-02 7.04193106e-02 4.79164046e-02 5.74226040e-02
 5.33079761e-02 4.35523419e-02 5.84584016e-02 7.26059582e-02
 4.82241318e-02 4.53635038e-02 6.45405165e-02 6.13861757e-02
 6.13581370e-02 5.48487072e-02 5.09615265e-02 5.57675754e-02
 6.82694389e-02 6.39498050e-02 4.66077162e-02 5.45807682e-02
 4.70423546e-02 4.11666069e-02 3.87126140e-02 6.04960255e-02
 5.71484908e-02 5.89554041e-02 5.16386862e-02 5.77869595e-02
 3.27831058e-02 4.65444267e-02 5.78373647e-02 5.94101770e-02
 4.68896836e-02 4.38093820e-02 3.94054767e-02 4.02779808e-02
 4.68295073e-02 4.56116404e-02 4.31431955e-02 3.84386150e-02
 3.28420559e-02 4.59987301e-02 4.01764871e-02 5.01783276e-02
 6.14308540e-02 4.54229783e-02 4.33896988e-02 3.79999824e-02
 5.11546806e-02 5.30553991e-02 4.61231190e-02 4.45754983e-02
 4.97570042e-02 4.58591283e-02 4.73903633e-02 4.05934257e-02
 4.89594493e-02 4.00206696e-02 5.68624978e-02 5.32343209e-02
 3.43012755e-02 4.13421771e-02 4.58154933e-02 3.75416252e-02
 5.32720944e-02 3.94318825e-02 4.14232000e-02 4.64253948e-02
 4.09891554e-02 3.72042030e-02 3.83455432e-02 2.70170733e-02
 3.24882725e-02 3.13299757e-02 3.01940789e-02 4.59921397e-02
 4.04827286e-02 3.72074210e-02 3.54329451e-02 4.05806695e-02
 3.51830142e-02 3.22329771e-02 3.72324592e-02 4.03853325e-02
 2.91260951e-02 2.67942529e-02 4.16819726e-02 3.62477519e-02
 2.95719761e-02 3.78490049e-02 2.99420466e-02 2.44259305e-02
 3.25905519e-02 3.18216001e-02 2.35953009e-02 2.83037214e-02
 2.36024486e-02 3.74967050e-02 2.58235891e-02 1.85432841e-02
 2.61357943e-02 1.84626672e-02 2.42867451e-02 2.51581212e-02
 2.52799472e-02 2.01318485e-02 2.39418837e-02 2.44015353e-02
 2.28444254e-02 2.40556475e-02 1.54484246e-02 2.69878948e-02
 2.36174616e-02 2.26004161e-02 2.35411046e-02 2.05319056e-02
 3.07341343e-02 3.07021683e-02 2.75774414e-02 3.01159714e-02
 3.17598426e-02 2.42778049e-02 2.76602990e-02 2.78535940e-02
 1.83656845e-02 1.96407106e-02 2.38059113e-02 2.47456078e-02
 1.84902056e-02 1.79053360e-02 2.09359467e-02 2.03308259e-02
 2.58488243e-02 2.39099789e-02 2.29553309e-02 1.74930401e-02
 2.59293110e-02 2.22634397e-02 2.53674561e-02 2.94599412e-02
 2.56486856e-02 2.22157566e-02 1.60143534e-02 2.31682764e-02
 1.87979729e-02 1.86147196e-02 2.08373954e-02 1.61293506e-02
 1.94994898e-02 1.87878011e-02 1.81732561e-02 1.70616895e-02
 2.23254407e-02 2.12992018e-02 2.12280797e-02 1.66519134e-02
 2.03950372e-02 1.09741478e-02 1.45332096e-02 1.52479297e-02
 1.40929668e-02 2.16104336e-02 1.67650343e-02 1.43042551e-02
 1.93763968e-02 2.00696703e-02 2.09257725e-02 1.74249454e-02
 2.43476471e-02 1.64890030e-02 1.92310716e-02 2.32624317e-02
 1.88062447e-02 1.14926023e-02 2.12535934e-02 1.67457809e-02
 1.84153474e-02 1.70792536e-02 1.84881553e-02 2.69667144e-02
 2.31482116e-02 2.22758539e-02 1.11556033e-02 1.29812837e-02
 1.49383035e-02 2.04319451e-02 1.70330077e-02 2.35031002e-02
 1.26397050e-02 2.28074491e-02 1.21163062e-02 1.76910305e-02
 1.93598868e-02 1.69942649e-02 1.73109895e-02 1.83257299e-02
 2.04496016e-02 1.45572067e-02 1.19350303e-02 1.66720196e-02
 1.62434073e-02 1.73255109e-02 1.72424301e-02 1.77940158e-02
 1.67728417e-02 1.46761739e-02 1.46314650e-02 1.92185693e-02
 1.92795031e-02 1.62826995e-02 1.23437364e-02 1.33524362e-02
 1.61367533e-02 1.76465376e-02 1.46323369e-02 1.21723325e-02
 1.22420478e-02 1.70453120e-02 1.46929508e-02 2.03632609e-02
 1.27989140e-02 1.39628908e-02 1.29092948e-02 1.14288491e-02
 1.31375134e-02 1.60619382e-02 1.50974202e-02 1.74836705e-02
 1.59931613e-02 1.41313621e-02 1.17259615e-02 2.29191056e-02
 1.77480609e-02 1.33569802e-02 1.36305762e-02 1.73223227e-02
 1.21481859e-02 1.87380815e-02 1.25125829e-02 1.94160926e-02
 1.55451753e-02 2.09032912e-02 1.43249023e-02 1.84840188e-02
 1.22741513e-02 1.52029836e-02 1.39603727e-02 1.87532260e-02
 1.36699447e-02 1.24328759e-02 1.14297983e-02 1.46641738e-02
 1.41424643e-02 9.65380732e-03 1.35673949e-02 1.07591313e-02
 1.21702901e-02 1.30388325e-02 1.15771672e-02 1.27925438e-02
 1.13892225e-02 1.17080552e-02 1.44595698e-02 1.06891440e-02
 1.54034820e-02 1.43261678e-02 1.37852474e-02 1.65645583e-02
 1.19737874e-02 1.61754288e-02 1.53247235e-02 9.85079798e-03
 1.10048366e-02 9.95033630e-03 1.03648740e-02 1.28830383e-02
 1.05129050e-02 1.37287407e-02 1.42145937e-02 1.40257494e-02
 1.20538261e-02 1.31151008e-02 1.35864327e-02 1.00853755e-02
 1.52837629e-02 8.48279706e-03 1.12013133e-02 1.16204369e-02
 9.51538414e-03 1.28035518e-02 1.09619591e-02 1.05263263e-02
 9.60546663e-03 1.12008722e-02 6.49467290e-03 8.31631183e-03
 8.19224098e-03 1.13787420e-02 1.35139001e-02 1.04169041e-02
 1.27169921e-02 8.30347103e-03 1.02681723e-02 8.86337286e-03
 9.21460027e-03 7.66651888e-03 1.04597351e-02 4.83205086e-03
 1.12010146e-02 7.69809839e-03 1.14867784e-02 1.17599686e-02
 1.01635942e-02 9.06143630e-03 9.88422526e-03 1.06493733e-02
 1.01545055e-02 9.96163098e-03 6.95555294e-03 1.20072537e-02
 1.20464973e-02 5.92443683e-03 7.80706460e-03 9.12905867e-03
 1.21652810e-02 8.33114243e-03 1.08000391e-02 6.22220717e-03
 1.01020901e-02 7.83824965e-03 1.09078073e-02 1.09758825e-02
 1.14547797e-02 1.12070329e-02 8.34857789e-03 1.10794096e-02
 1.01002670e-02 9.38680928e-03 9.60791002e-03 1.14811401e-02
 8.44169892e-03 9.07646927e-03 6.13043069e-03 9.11334563e-03
 9.69823839e-03 1.02311501e-02 6.76951450e-03 8.26935248e-03
 1.20380672e-02 1.01366011e-02 8.75774381e-03 7.59808559e-03
 1.08919195e-02 8.37238107e-03 8.25129412e-03 5.80018613e-03
 1.06794708e-02 7.17751161e-03 9.59016747e-03 8.98080326e-03
 8.51529844e-03 9.49716723e-03 7.64364009e-03 9.80536944e-03
 8.58039590e-03 8.62162758e-03 5.57728183e-03 4.01775564e-03
 9.98328304e-03 6.10903356e-03 6.91499626e-03 6.80900107e-03
 1.05980124e-02 8.94088881e-03 6.47588200e-03 7.53297076e-03
 8.89389384e-03 8.53614725e-03 9.84963719e-03 9.06220707e-03
 8.07723582e-03 8.05813303e-03 8.37158659e-03 8.74047751e-03
 5.91056758e-03 4.96131252e-03 8.55336045e-03 8.57221303e-03
 6.97255581e-03 8.19262464e-03 8.08131290e-03 5.62213868e-03
 7.03113926e-03 6.99517868e-03 7.30631150e-03 6.63702419e-03
 7.61708702e-03 7.18247253e-03 5.31271857e-03 1.08426670e-02
 9.37386321e-03 6.57242439e-03 6.10858907e-03 8.19167947e-03
 8.36192693e-03 7.67144500e-03 6.07498598e-03 4.74433809e-03
 6.70133952e-03 6.56978761e-03 5.48481196e-03 5.20544041e-03
 5.66295665e-03 7.28696272e-03 1.12702756e-02 5.76072880e-03
 9.19650311e-03 7.80687317e-03 5.66089091e-03 7.86427608e-03
 6.20838624e-03 5.29843294e-03 5.32541506e-03 6.04945154e-03
 6.90231704e-03 7.51469576e-03 6.56541707e-03 6.20999752e-03
 5.31440021e-03 9.37844690e-03 6.75748214e-03 6.11335010e-03
 7.02698696e-03 6.50420051e-03 5.61839510e-03 6.23870042e-03
 6.24497273e-03 6.57312720e-03 7.87544512e-03 5.21131631e-03
 6.26418936e-03 5.91316101e-03 5.50947139e-03 6.62509777e-03
 6.50834034e-03 4.94985199e-03 7.75901031e-03 6.87290133e-03
 4.75989603e-03 4.33043885e-03 6.81178084e-03 5.73695829e-03
 8.11537487e-03 6.61235458e-03 4.51869024e-03 7.05058823e-03
 5.28560134e-03 6.28316644e-03 5.30153827e-03 5.08660251e-03
 5.87825061e-03 6.05322755e-03 8.28528186e-03 6.75610517e-03
 4.45820087e-03 4.29520780e-03 6.41962314e-03 4.35985820e-03
 6.42239251e-03 7.27772055e-03 4.73818745e-03 6.24372333e-03
 4.93250455e-03 4.90334442e-03 3.72512646e-03 5.37249198e-03
 5.61436498e-03 6.31688205e-03 6.57349217e-03 5.97492064e-03
 6.34354141e-03 6.08224920e-03 4.69246375e-03 5.33529359e-03
 6.49401335e-03 1.00744509e-02 2.76483079e-03 5.63679084e-03
 6.19898373e-03 7.35182509e-03 3.73970538e-03 5.35793325e-03
 7.68114668e-03 6.39060232e-03 5.06340761e-03 6.65086904e-03
 5.52210756e-03 6.55733064e-03 5.48341382e-03 5.49139485e-03
 7.41990221e-03 4.31125344e-03 3.87730339e-03 5.62927631e-03
 5.22942486e-03 4.13425748e-03 3.53069497e-03 5.41746428e-03
 4.79826885e-03 4.30568816e-03 4.52878980e-03 3.05200016e-03
 3.57007729e-03 4.81783407e-03 4.94620814e-03 6.72235126e-03
 4.32827115e-03 7.75151875e-03 5.44182593e-03 4.80626710e-03
 7.40194448e-03 5.72455856e-03 4.43969659e-03 3.32114571e-03
 3.79373051e-03 3.95081242e-03 6.20556182e-03 5.49734797e-03
 4.14198135e-03 4.75922604e-03 4.71235510e-03 4.14420220e-03
 5.86314677e-03 5.38690910e-03 4.30637705e-03 3.16974641e-03
 3.96805311e-03 4.99876539e-03 4.88898612e-03 4.69071129e-03
 2.87125827e-03 3.01070936e-03 4.02353805e-03 2.60814351e-03
 5.00808892e-03 5.50791648e-03 4.77765341e-03 4.25384606e-03
 3.88417677e-03 4.62503072e-03 4.72931510e-03 3.72720227e-03
 4.95170248e-03 4.38004544e-03 4.36747349e-03 2.75168126e-03
 2.76058596e-03 2.74512250e-03 2.86123108e-03 2.85005466e-03
 5.47285943e-03 5.06626275e-03 3.31009621e-03 3.91087908e-03
 4.36276375e-03 4.19383244e-03 3.91071629e-03 3.95766424e-03
 4.22204608e-03 3.98203562e-03 4.14204382e-03 3.84520585e-03
 3.37986875e-03 4.32659869e-03 2.79857625e-03 3.34866657e-03
 2.63252780e-03 2.94948969e-03 4.07858265e-03 2.42605450e-03
 4.52072372e-03 2.12004677e-03 2.66264782e-03 3.33274541e-03
 2.11495888e-03 2.59649827e-03 5.02871895e-03 4.96981962e-03
 4.15642724e-03 3.76462730e-03 3.53919657e-03 2.26524073e-03
 2.06263577e-03 3.08770370e-03 3.33179695e-03 1.50259594e-03
 2.71509794e-03 2.44118884e-03 2.34294173e-03 4.18583542e-03
 3.19080010e-03 2.11001185e-03 2.94273243e-03 1.73985656e-03
 2.60999858e-03 3.17065892e-03 1.16419454e-03 3.18775015e-03
 2.51980668e-03 1.98126210e-03 2.53179587e-03 3.29445081e-03
 1.70959058e-03 2.37979716e-03 2.63300356e-03 2.76837422e-03
 2.72849220e-03 4.20276268e-03 4.09411300e-03 3.65228472e-03
 4.02394832e-03 1.69011099e-03 1.67742621e-03 4.05466286e-03
 1.68674147e-03 2.68710644e-03 2.15697980e-03 2.32027702e-03
 1.71209318e-03 3.58748926e-03 3.82920421e-03 2.56390212e-03
 2.07005790e-03 1.91006945e-03 2.57310748e-03 2.59608318e-03
 3.02345774e-03 3.10650468e-03 1.57929922e-03 2.61890252e-03
 2.86292772e-03 2.00144130e-03 2.96585903e-03 2.73363701e-03
 2.37593078e-03 2.70951809e-03 3.24399506e-03 2.08428111e-03
 2.16271701e-03 2.51688507e-03 2.14097372e-03 1.24302811e-03
 1.68559834e-03 1.42214230e-03 1.90065117e-03 2.61498030e-03
 1.51083966e-03 2.38808606e-03 2.13342652e-03 2.30165134e-03
 2.37200115e-03 1.43181824e-03 2.24739746e-03 2.49328329e-03
 2.08834429e-03 1.40454145e-03 2.24568014e-03 1.32188580e-03
 1.83830916e-03 1.55236575e-03 1.67118487e-03 2.45426897e-03
 2.43116045e-03 1.78217707e-03 8.92085311e-04 1.20389428e-03
 1.75343603e-03 1.17099655e-03 7.11868981e-04 3.28199800e-03
 1.81235372e-03 1.87740714e-03 1.69740837e-03 1.54679040e-03
 1.48049804e-03 1.33324012e-03 1.43865124e-03 1.84552915e-03
 1.93845861e-03 1.57696554e-03 2.09395777e-03 2.07368297e-03
 8.93813539e-04 1.00844795e-03 1.76199811e-03 1.33349694e-03
 1.66407019e-03 2.09103101e-03 6.96919713e-04 8.09546742e-04
 2.40280762e-03 1.57696235e-03 2.32117317e-03 9.56766197e-04
 1.97065647e-03 2.18847710e-03 5.21273307e-04 1.27777438e-03
 8.36888804e-04 2.11448340e-03 9.32821793e-04 1.36038421e-03
 1.32415648e-03 1.20354233e-03 1.22176331e-03 1.21536730e-03
 4.67577176e-04 1.48778711e-03 1.40018986e-03 1.30393845e-03
 9.57853995e-04 1.16305310e-03 8.12130196e-04 6.67208137e-04
 4.32200016e-04 1.03575337e-03 1.07919637e-03 1.92242445e-03
 1.22174820e-03 1.14323830e-03 6.24678379e-04 9.82637654e-04
 1.26052544e-03 1.07149951e-03 1.26865474e-03 1.17790560e-03
 6.73082279e-04 5.27142898e-04 1.03493265e-03 1.48158523e-03
 1.29574986e-03 1.10426257e-03 6.62637975e-04 7.14304089e-04
 7.29522423e-04 1.81599155e-03 9.74793371e-04 5.45983329e-04
 5.24862411e-04 1.45037770e-03 1.17096730e-03 4.78487221e-04
 8.67494598e-04 4.13113315e-04 1.40109109e-03 9.72255333e-04
 4.62871607e-04 3.63080463e-04 7.24696010e-04 4.87118801e-04
 2.88374910e-04 4.68400625e-04 3.31067833e-04 1.50650815e-03
 7.20462141e-04 6.32217723e-04 4.94831074e-04 1.20085382e-03
 1.77661863e-04 5.56597560e-04 6.79059718e-04 1.05426434e-03
 3.59182529e-04 3.77773382e-04 7.04184872e-04 5.92112786e-04
 8.24571962e-04 4.85495643e-04 1.33438121e-03 6.56407885e-04
 5.20152592e-04 3.42643067e-04 3.65273214e-04 7.22205012e-04
 4.56012762e-04 6.76340745e-04 1.26303927e-04 8.82522955e-04
 9.85149967e-04 8.71885491e-04 5.20285137e-04 3.96829440e-04
 5.86205505e-04 7.01069880e-04 5.04130497e-04 1.05359076e-03
 3.06972843e-04 5.33617650e-04 6.96237177e-04 5.55218848e-04
 7.56707536e-04 1.15425873e-04 9.27483861e-05 6.52764859e-04
 4.63953960e-04 4.36526675e-04 6.43498909e-04 4.00691083e-04
 5.33488322e-04 5.02401642e-04 1.36870454e-04 5.34086791e-04
 5.32348065e-04 7.61091547e-04 3.61960748e-04 1.65569852e-04
 3.98380025e-04 3.86577679e-04 8.49749860e-04 4.40285015e-04
 4.66942718e-04 1.95254055e-04 3.72190057e-04 5.52500567e-04
 2.33355521e-04 7.64556269e-04 5.79258118e-04 3.22309717e-04
 5.79265575e-04 3.80846413e-04 4.52707604e-04 2.35389787e-04
 5.54205561e-04 5.36046882e-04 4.86160677e-04 4.64619606e-04
 3.95791767e-04 2.34984189e-04 2.05024871e-04 1.45184822e-04
 3.16947172e-04 9.11799518e-05 3.81447801e-04 1.96202985e-04
 1.99177360e-04 1.32002495e-04 4.33233320e-04 8.11097298e-05
 9.86623001e-04 1.02531580e-04 2.15532197e-04 6.65894926e-04
 9.72915037e-04 3.71759436e-04 7.80048734e-05 9.68358197e-05
 2.67279602e-04 4.51276671e-04 3.23314467e-04 1.76412160e-04
 5.51422794e-04 5.65085894e-04 2.63346969e-04 4.59460697e-05
 8.33540047e-04 3.51224575e-04 8.86546352e-05 2.71799053e-04
 2.52122942e-04 6.23504732e-04 2.74419617e-04 1.55411874e-04
 4.06105634e-04 4.80169298e-04 4.53748668e-05 5.36929092e-05
 5.15125106e-04 8.33233316e-05 8.07576723e-05 2.22575335e-04
 4.23578812e-05 2.47821672e-05 1.56543351e-04 2.16291579e-04
 6.84119287e-05 8.05379267e-05 2.91797641e-04 5.86466911e-04
 1.47162167e-04 4.04491952e-04 1.85361675e-04 1.30639939e-04
 2.67678144e-05 1.53262082e-04 2.19303137e-04 9.62711278e-05
 2.37784100e-05 7.93873693e-05 2.92595926e-04 9.04775762e-05
 5.06006146e-05 2.53440629e-05 1.03247190e-04 1.18101097e-04
 2.04855915e-04 2.57521889e-04 2.66784487e-04 3.46456142e-05
 3.76795139e-05 1.15972178e-04 1.00619919e-04 2.89213281e-05
 3.05032329e-04 6.56533018e-04 4.91489541e-06 4.19719503e-04
 2.66726030e-05 6.45287982e-05 2.54647140e-04 2.92509834e-04
 2.20488541e-04 6.70488070e-05 2.20889294e-05 1.83947671e-04
 1.03313811e-04 8.64823126e-05 3.52676255e-04 1.09649430e-04
 7.41517865e-04 1.16495295e-04 4.34012164e-04 1.74112155e-05
 1.73047435e-04 2.86593585e-05 2.58133152e-05 1.40087606e-05
 3.85680910e-05 3.07334754e-04 1.45909613e-05 6.05101505e-05
 6.32893206e-05 1.14682580e-04 2.47736112e-04 3.01345542e-04
 2.46715017e-04 1.98303858e-04 4.38604815e-05 1.30211139e-04]","[5.27811439e+01 8.88425104e-01 1.41956017e+01 4.28081052e+00
 1.17835738e+00 1.25845963e+00 3.67074932e-01 4.63733037e-01
 2.87303468e-01 3.39127498e-01 3.13316658e-01 2.64314056e-01
 8.87245990e-01 2.91039049e-01 2.98215169e-01 2.43614431e-01
 2.04796492e-01 1.86259450e-01 1.75019831e-01 2.18103376e-01
 2.19249471e-01 1.75299267e-01 2.14077136e-01 2.01281854e-01
 1.89918288e-01 1.64162602e-01 1.63336852e-01 1.83675070e-01
 1.89340688e-01 1.70904845e-01 1.97914899e-01 1.54088437e-01
 1.89534694e-01 1.84077719e-01 1.96432424e-01 1.47941914e-01
 1.35746694e-01 1.49215048e-01 1.40301940e-01 1.54631041e-01
 1.45232753e-01 1.70046485e-01 1.54220086e-01 1.75237788e-01
 1.53889244e-01 1.46482804e-01 1.44119771e-01 1.51923816e-01
 1.51840824e-01 1.12340036e-01 1.14208739e-01 1.25838259e-01
 1.16602013e-01 1.44378768e-01 1.23897372e-01 1.15802741e-01
 1.15450658e-01 9.75632306e-02 1.14165336e-01 1.52915381e-01
 1.31398533e-01 8.18409766e-02 1.27270257e-01 1.09519982e-01
 1.08541613e-01 1.10653558e-01 1.28007665e-01 1.46367234e-01
 1.29104490e-01 1.30777381e-01 1.13174985e-01 9.93660662e-02
 1.01086636e-01 1.00444740e-01 9.00490608e-02 1.15309160e-01
 1.04857645e-01 1.38890624e-01 9.33729492e-02 1.01978227e-01
 6.19300217e-02 8.84671909e-02 1.08319392e-01 1.06637278e-01
 8.25461355e-02 8.98820325e-02 7.51002594e-02 8.62532292e-02
 8.13564114e-02 8.26231064e-02 7.48425358e-02 7.34521854e-02
 6.27554416e-02 8.39252331e-02 6.60153574e-02 9.67604694e-02
 1.11889085e-01 8.08741537e-02 7.76208081e-02 7.91670006e-02
 8.72286477e-02 9.39713742e-02 8.27598613e-02 8.06799812e-02
 8.65554511e-02 8.50051331e-02 8.43568547e-02 7.54286247e-02
 9.85266177e-02 8.12986224e-02 1.05473357e-01 1.00852076e-01
 8.03772063e-02 8.52017455e-02 8.94356073e-02 7.53504381e-02
 1.18553867e-01 7.75048333e-02 7.75990469e-02 8.85239638e-02
 8.58508982e-02 7.64140800e-02 7.99353552e-02 6.71184511e-02
 6.66879739e-02 6.20240619e-02 7.68206009e-02 9.95479716e-02
 8.82994361e-02 7.40968282e-02 7.24909168e-02 6.80912203e-02
 7.04697338e-02 6.32338920e-02 8.16015645e-02 8.84926691e-02
 5.71615744e-02 5.77738555e-02 8.39150184e-02 7.58208079e-02
 5.72977546e-02 7.13028162e-02 7.20644531e-02 6.47075235e-02
 6.15962392e-02 6.11465293e-02 5.37001334e-02 5.98648892e-02
 6.25714847e-02 7.11145308e-02 5.56907666e-02 4.04442192e-02
 5.39937689e-02 4.00823491e-02 6.20522607e-02 6.39341101e-02
 5.74974887e-02 4.62360256e-02 5.38113179e-02 6.63373643e-02
 4.79825305e-02 6.29143811e-02 3.54225162e-02 5.30246135e-02
 5.11655525e-02 5.09217962e-02 6.29290462e-02 4.25108948e-02
 5.88729371e-02 5.77423526e-02 5.32608199e-02 5.55267114e-02
 5.66955633e-02 5.05041531e-02 6.07125925e-02 5.30228550e-02
 4.60901997e-02 5.37629260e-02 4.87466841e-02 5.27083538e-02
 4.34913987e-02 4.95985809e-02 4.79570533e-02 4.62092021e-02
 4.44157989e-02 5.13617940e-02 4.89078263e-02 3.99493165e-02
 6.31085656e-02 5.94398494e-02 5.72748888e-02 6.05242653e-02
 5.91130858e-02 5.96716083e-02 4.48097475e-02 5.60209068e-02
 4.00211834e-02 4.65533609e-02 4.41863804e-02 4.61458183e-02
 5.21442150e-02 4.04711500e-02 3.80588679e-02 3.96390213e-02
 4.42731288e-02 4.81873545e-02 4.40936606e-02 3.94723402e-02
 4.99275528e-02 3.11503613e-02 3.44499941e-02 3.16786887e-02
 3.81716872e-02 4.60314339e-02 3.92151979e-02 2.82717350e-02
 4.15605194e-02 4.83744878e-02 4.03377789e-02 4.87961673e-02
 5.04716838e-02 3.22464916e-02 3.41807429e-02 4.46223381e-02
 4.05574961e-02 2.77236563e-02 3.94835639e-02 3.94820425e-02
 4.02783228e-02 3.26548018e-02 4.08250458e-02 6.09730735e-02
 4.75539080e-02 4.74678984e-02 2.81633756e-02 3.30720875e-02
 3.66915532e-02 4.67495686e-02 2.99815944e-02 5.16993732e-02
 2.93234383e-02 3.98511161e-02 3.15955517e-02 3.62462507e-02
 3.85033806e-02 3.55858620e-02 4.49720074e-02 4.35394323e-02
 4.61327671e-02 3.60259859e-02 4.15492645e-02 3.88448524e-02
 3.54386801e-02 3.63369191e-02 3.79453343e-02 3.87580083e-02
 3.62268645e-02 3.35664930e-02 3.52977439e-02 3.93238248e-02
 4.00838054e-02 3.28993210e-02 3.18168509e-02 2.68664070e-02
 3.56987014e-02 3.52360178e-02 3.52120647e-02 3.09081382e-02
 2.81890590e-02 3.21265243e-02 3.45747931e-02 4.28446595e-02
 2.85254502e-02 2.90189409e-02 3.17384523e-02 2.65216752e-02
 3.44728301e-02 3.00270365e-02 3.33244202e-02 3.89834720e-02
 3.28765360e-02 3.06980661e-02 2.98401858e-02 4.60103111e-02
 3.34040657e-02 3.25985950e-02 2.62020137e-02 3.29903869e-02
 2.81376935e-02 3.68819650e-02 2.95027744e-02 3.76305535e-02
 2.98234541e-02 5.05342798e-02 3.56303600e-02 3.73133129e-02
 3.34053627e-02 2.93321421e-02 3.72616544e-02 4.29870171e-02
 3.30694336e-02 2.33433028e-02 3.15265014e-02 3.56805566e-02
 3.36575269e-02 1.98627731e-02 3.02037368e-02 2.60827545e-02
 2.83737381e-02 2.75399988e-02 3.17925016e-02 3.04636219e-02
 3.06512411e-02 2.48076600e-02 3.38198045e-02 2.82429544e-02
 3.16156579e-02 4.41228099e-02 2.61399339e-02 3.25056392e-02
 2.85246131e-02 3.38003994e-02 3.54915432e-02 2.28691379e-02
 2.87482085e-02 2.41923173e-02 2.47798366e-02 2.68339808e-02
 2.93976004e-02 3.04848757e-02 2.88151386e-02 2.48787772e-02
 2.73562231e-02 3.23093017e-02 2.47251482e-02 2.93627401e-02
 3.36222312e-02 2.74156724e-02 2.66845294e-02 2.69890509e-02
 2.58813406e-02 2.60971326e-02 2.33750626e-02 2.62593460e-02
 2.23658034e-02 3.05905915e-02 2.15355073e-02 2.02171734e-02
 2.35728110e-02 2.71316771e-02 3.31518055e-02 2.43047600e-02
 2.60558889e-02 2.31877703e-02 2.17070608e-02 2.07590891e-02
 2.04092074e-02 1.83341058e-02 2.97462162e-02 1.08534666e-02
 2.65150156e-02 2.30256263e-02 2.30793856e-02 2.33183360e-02
 2.01639975e-02 1.80230677e-02 2.24428820e-02 2.27959284e-02
 2.08173073e-02 2.27132489e-02 1.79474732e-02 2.48713533e-02
 2.23705314e-02 1.52007961e-02 1.82150773e-02 1.83082698e-02
 2.48078183e-02 1.81776519e-02 2.42075301e-02 1.52640422e-02
 2.21849278e-02 1.71823164e-02 2.32624694e-02 2.18386447e-02
 1.92820356e-02 2.20768801e-02 1.54721864e-02 2.07194003e-02
 1.89091655e-02 2.15040582e-02 2.19930321e-02 2.43617108e-02
 1.76583832e-02 1.99116355e-02 1.46619187e-02 1.99816665e-02
 2.15789146e-02 2.11469986e-02 2.06937222e-02 1.70777025e-02
 2.10107415e-02 2.40289711e-02 1.97866174e-02 1.35259362e-02
 2.25523654e-02 1.82070490e-02 1.96422254e-02 1.79156774e-02
 2.07953583e-02 1.62243346e-02 2.37375565e-02 1.88315195e-02
 2.13842557e-02 2.05639287e-02 1.95249397e-02 1.89656517e-02
 1.71903134e-02 1.79117630e-02 1.37054725e-02 1.20141472e-02
 2.03615942e-02 1.64230103e-02 1.47448886e-02 1.64977419e-02
 2.15780085e-02 2.00728329e-02 1.38745126e-02 1.45081940e-02
 2.30289177e-02 2.01708208e-02 2.09130329e-02 2.33596457e-02
 1.72673582e-02 1.50982634e-02 1.65884750e-02 1.89712708e-02
 1.31652560e-02 1.45190708e-02 1.78029418e-02 1.90929565e-02
 1.52771551e-02 2.00223043e-02 1.84057381e-02 1.09006472e-02
 1.55229564e-02 1.48195465e-02 1.69616633e-02 1.27705709e-02
 1.53414455e-02 1.56407812e-02 1.29826205e-02 2.00877216e-02
 1.99860876e-02 1.39069969e-02 1.27467767e-02 1.95091246e-02
 1.52631950e-02 1.82450537e-02 1.52324119e-02 1.19672956e-02
 1.44639452e-02 1.78715746e-02 1.49290405e-02 1.29177797e-02
 1.33294633e-02 1.64358471e-02 2.08784965e-02 1.26718970e-02
 2.01935093e-02 1.91322725e-02 1.60004539e-02 1.74608888e-02
 1.44690201e-02 1.42583309e-02 1.30861982e-02 1.21171419e-02
 1.50495681e-02 1.90430831e-02 1.51674933e-02 1.43298710e-02
 1.38979899e-02 1.84128983e-02 1.50542991e-02 1.34960595e-02
 1.54970749e-02 1.28987589e-02 1.65752691e-02 1.24461449e-02
 1.32146922e-02 1.32361024e-02 1.64091925e-02 1.37458474e-02
 1.52819790e-02 1.26187464e-02 1.35674684e-02 1.54646652e-02
 1.33402472e-02 1.22750382e-02 1.39577838e-02 1.30735554e-02
 1.13739345e-02 1.15489297e-02 1.38077047e-02 1.23424631e-02
 1.58684355e-02 1.28450598e-02 1.11672116e-02 1.70216452e-02
 1.09252602e-02 1.30615971e-02 1.19379122e-02 1.20665888e-02
 1.32971991e-02 1.30824190e-02 1.70319335e-02 1.32571088e-02
 1.06355627e-02 1.04391267e-02 1.17733633e-02 9.45320013e-03
 1.42646268e-02 1.29490395e-02 9.72657101e-03 1.48726435e-02
 1.10863537e-02 1.18859733e-02 1.04048133e-02 1.46398966e-02
 1.34848263e-02 1.39711304e-02 1.42199700e-02 1.45058538e-02
 1.28942365e-02 1.28599100e-02 1.09810109e-02 1.19602557e-02
 1.13023211e-02 1.85033935e-02 6.38060573e-03 1.23255075e-02
 1.51427928e-02 1.50615772e-02 8.49553616e-03 1.31605560e-02
 1.60237560e-02 1.29942868e-02 1.15708143e-02 1.29846795e-02
 1.41223105e-02 1.50251181e-02 1.15232449e-02 1.40370810e-02
 1.66220479e-02 1.05065742e-02 8.80108517e-03 1.27033520e-02
 1.10242886e-02 1.19659917e-02 1.01002286e-02 1.27474135e-02
 1.20817663e-02 8.82464369e-03 9.78585330e-03 1.06570454e-02
 1.07685448e-02 1.01360252e-02 1.09914424e-02 1.43859603e-02
 1.01517987e-02 1.53246772e-02 1.22403454e-02 1.09797491e-02
 1.45107181e-02 1.41335679e-02 1.20289213e-02 9.26212565e-03
 9.75578168e-03 1.04056386e-02 1.71195787e-02 1.28404101e-02
 9.83643756e-03 1.24211096e-02 1.12279653e-02 1.14563993e-02
 1.32716944e-02 1.30668913e-02 1.16428706e-02 8.42365019e-03
 9.17616329e-03 1.02473130e-02 1.09859674e-02 1.42770458e-02
 1.22746995e-02 7.53867408e-03 9.40190700e-03 1.05592550e-02
 1.18129318e-02 1.46827948e-02 1.31892398e-02 9.96943667e-03
 1.21627964e-02 1.10836712e-02 1.14183846e-02 8.55295940e-03
 9.29243869e-03 1.09316547e-02 1.12043076e-02 7.75964882e-03
 7.70998585e-03 5.70656717e-03 9.28360074e-03 9.64253655e-03
 1.18567318e-02 1.40323776e-02 7.84383737e-03 1.11063781e-02
 1.09465335e-02 1.16510477e-02 1.08512110e-02 9.50834701e-03
 1.05825951e-02 9.62455438e-03 9.96513251e-03 1.02980266e-02
 9.81020507e-03 1.09410938e-02 8.80845596e-03 7.43104014e-03
 8.84829839e-03 8.65152927e-03 1.09336732e-02 8.25313993e-03
 1.27112805e-02 8.26472481e-03 8.61437118e-03 7.69167042e-03
 6.18893893e-03 6.22066823e-03 9.77776461e-03 1.14845473e-02
 1.03488307e-02 9.22525646e-03 1.00875914e-02 6.27917746e-03
 5.88935734e-03 6.92579508e-03 9.12388054e-03 4.79806844e-03
 7.65362231e-03 7.71462036e-03 6.09502741e-03 1.31419481e-02
 9.42727917e-03 6.00492935e-03 7.44689993e-03 6.44783055e-03
 7.48334367e-03 8.50486965e-03 4.71090997e-03 7.53405961e-03
 6.97241784e-03 4.77846627e-03 9.12821265e-03 9.06635417e-03
 5.36851106e-03 7.61066861e-03 7.09681181e-03 8.05340281e-03
 7.46732287e-03 1.13702409e-02 9.02625330e-03 1.02319348e-02
 9.47500685e-03 8.55083812e-03 5.54169019e-03 9.86760427e-03
 5.74734938e-03 7.50509270e-03 5.84973747e-03 7.40168541e-03
 4.80506571e-03 8.57129126e-03 1.34289027e-02 8.72860590e-03
 6.65946062e-03 6.14907366e-03 7.79490178e-03 9.63259001e-03
 7.82558533e-03 8.37167211e-03 5.28537844e-03 7.62833763e-03
 8.24051558e-03 6.59691615e-03 6.90589663e-03 7.02521092e-03
 7.10484205e-03 7.66463623e-03 7.35475008e-03 4.64333469e-03
 6.29992201e-03 8.65949087e-03 6.06014225e-03 4.29932867e-03
 8.86573745e-03 4.64654510e-03 4.89616410e-03 7.95641748e-03
 4.92920901e-03 8.16479812e-03 7.09190389e-03 7.25317216e-03
 7.63957167e-03 5.77839885e-03 7.19232707e-03 6.00373596e-03
 7.75184570e-03 4.59051048e-03 7.73712352e-03 5.92017055e-03
 5.94805830e-03 5.03020368e-03 5.33065682e-03 6.21337816e-03
 7.60495580e-03 7.15771134e-03 3.72654799e-03 5.21526038e-03
 5.56950459e-03 6.38630686e-03 3.58732717e-03 9.04834091e-03
 6.61118008e-03 7.84011936e-03 5.50213964e-03 6.09470077e-03
 5.17891473e-03 4.02726248e-03 6.46523285e-03 5.99562534e-03
 6.62642853e-03 5.32343003e-03 6.29463729e-03 6.84502770e-03
 3.61785200e-03 5.01942314e-03 6.05645586e-03 5.74635767e-03
 6.97622814e-03 6.40931084e-03 3.59506328e-03 3.40078941e-03
 6.74804011e-03 4.80314647e-03 6.68335543e-03 3.75868479e-03
 6.94520064e-03 6.89997798e-03 2.60362709e-03 4.87991495e-03
 3.25217624e-03 5.80278328e-03 3.15858210e-03 4.44902847e-03
 3.70919816e-03 5.47772945e-03 4.59942866e-03 4.35274481e-03
 3.50370691e-03 5.20563633e-03 5.91930328e-03 5.47690514e-03
 4.00824455e-03 7.24062700e-03 4.78111383e-03 3.93795801e-03
 2.88957851e-03 5.05612167e-03 5.78369468e-03 6.42604291e-03
 4.16884313e-03 4.11117170e-03 4.09094672e-03 4.39746921e-03
 4.33437065e-03 5.94632197e-03 3.76827808e-03 4.70720971e-03
 4.57410079e-03 3.44453826e-03 5.07913423e-03 7.52829412e-03
 5.16025823e-03 4.56961100e-03 2.06402870e-03 3.43907866e-03
 5.24638726e-03 6.31282183e-03 4.35481171e-03 2.78462186e-03
 4.43891363e-03 5.83904730e-03 4.27684717e-03 2.47220099e-03
 4.29673576e-03 3.37872199e-03 4.50203549e-03 3.69762011e-03
 2.31681949e-03 3.33732061e-03 2.87979275e-03 3.18105044e-03
 3.84333503e-03 1.83579125e-03 2.54655547e-03 6.73911929e-03
 3.65592847e-03 3.83202222e-03 2.85121533e-03 5.42792047e-03
 4.07201052e-03 3.08826627e-03 3.51550433e-03 5.21855252e-03
 2.83241701e-03 1.99468351e-03 4.08258218e-03 2.89261408e-03
 3.37323380e-03 3.78097103e-03 5.47921322e-03 6.02625640e-03
 2.95062205e-03 2.23675696e-03 1.97294087e-03 4.01243917e-03
 3.56080323e-03 3.71512366e-03 1.79474709e-03 3.95535764e-03
 3.85130328e-03 4.57650179e-03 3.55176338e-03 4.04826391e-03
 3.68016141e-03 3.01687377e-03 3.05226842e-03 5.31312284e-03
 4.14890274e-03 3.89316865e-03 2.92453084e-03 3.32814888e-03
 4.23045812e-03 2.15457831e-03 2.06048842e-03 3.59746216e-03
 3.71718815e-03 2.59639293e-03 4.10329949e-03 3.39797263e-03
 4.19281643e-03 4.12625381e-03 9.85127267e-04 4.35552402e-03
 2.78633641e-03 5.28324937e-03 5.04465309e-03 2.23365886e-03
 2.78755938e-03 3.04895372e-03 4.64167697e-03 2.78866703e-03
 4.75283591e-03 3.19891584e-03 3.90421538e-03 5.22028326e-03
 4.29700837e-03 5.86381519e-03 4.00136713e-03 3.21640901e-03
 4.24365346e-03 4.56728108e-03 3.81316933e-03 2.89035505e-03
 2.31265294e-03 3.80337339e-03 3.27182976e-03 2.78998514e-03
 4.06835343e-03 2.40050654e-03 2.56167461e-03 4.55210210e-03
 3.32099113e-03 2.06906053e-03 4.79794778e-03 4.17207155e-03
 3.87283737e-03 1.96692589e-03 2.77770657e-03 2.08531943e-03
 4.76040022e-03 5.09751321e-03 3.84645745e-03 3.92891218e-03
 4.95364385e-03 2.02139235e-03 2.12810578e-03 6.63686447e-03
 2.13362605e-03 3.01627782e-03 2.58511372e-03 1.74191714e-03
 3.00077495e-03 2.96876591e-03 3.00745968e-03 4.31052949e-03
 4.67072125e-03 2.71077109e-03 1.69431524e-03 2.82500702e-03
 3.94476493e-03 4.93912292e-03 2.90365884e-03 2.32976236e-03
 3.51629697e-03 2.80822791e-03 1.77087823e-03 7.85748646e-04
 3.27412501e-03 2.19894842e-03 1.30074822e-03 3.42199513e-03
 1.74100172e-03 5.33110765e-03 2.89498610e-03 2.50056917e-03
 2.38814811e-03 3.54370043e-03 2.59320336e-03 6.32227457e-03
 3.32404385e-03 2.95159160e-03 3.02843511e-03 3.13055715e-03
 2.18962460e-03 2.83672608e-03 3.48613494e-03 1.36110057e-03
 1.67901968e-03 2.51730512e-03 2.95767806e-03 2.47789406e-03
 3.74499013e-03 9.40565643e-04 2.97944019e-03 2.81201340e-03
 2.66043644e-03 4.75422573e-03 3.42723664e-03 8.39723122e-04
 1.88321733e-03 2.62500696e-03 1.08849210e-03 1.41948712e-03
 3.27937905e-03 3.06219032e-03 3.68634846e-04 2.92656757e-03
 4.49113474e-03 2.11443287e-03 2.72542107e-03 2.03446668e-03
 2.75073104e-03 2.00774916e-03 2.84981169e-03 1.79430003e-03
 2.79318815e-03 2.22131809e-03 3.46682357e-03 3.48425913e-03
 4.81041260e-03 3.17329601e-03 3.48132833e-03 2.23745300e-03
 3.97261662e-03 5.34624641e-03 2.76656824e-03 2.09883787e-03
 2.17353389e-03 2.47171140e-03 7.65017545e-04 4.52191131e-03
 3.17317537e-03 2.31641403e-03 5.48860721e-03 3.37844585e-03
 2.39239208e-03 1.57547515e-03 2.45739534e-03 2.56018660e-03]"
1,A2,Gridworld-DRQN,"[    0   100   200   300   400   500   600   700   800   900  1000  1100
  1200  1300  1400  1500  1600  1700  1800  1900  2000  2100  2200  2300
  2400  2500  2600  2700  2800  2900  3000  3100  3200  3300  3400  3500
  3600  3700  3800  3900  4000  4100  4200  4300  4400  4500  4600  4700
  4800  4900  5000  5100  5200  5300  5400  5500  5600  5700  5800  5900
  6000  6100  6200  6300  6400  6500  6600  6700  6800  6900  7000  7100
  7200  7300  7400  7500  7600  7700  7800  7900  8000  8100  8200  8300
  8400  8500  8600  8700  8800  8900  9000  9100  9200  9300  9400  9500
  9600  9700  9800  9900 10000 10100 10200 10300 10400 10500 10600 10700
 10800 10900 11000 11100 11200 11300 11400 11500 11600 11700 11800 11900
 12000 12100 12200 12300 12400 12500 12600 12700 12800 12900 13000 13100
 13200 13300 13400 13500 13600 13700 13800 13900 14000 14100 14200 14300
 14400 14500 14600 14700 14800 14900 15000 15100 15200 15300 15400 15500
 15600 15700 15800 15900 16000 16100 16200 16300 16400 16500 16600 16700
 16800 16900 17000 17100 17200 17300 17400 17500 17600 17700 17800 17900
 18000 18100 18200 18300 18400 18500 18600 18700 18800 18900 19000 19100
 19200 19300 19400 19500 19600 19700 19800 19900 20000 20100 20200 20300
 20400 20500 20600 20700 20800 20900 21000 21100 21200 21300 21400 21500
 21600 21700 21800 21900 22000 22100 22200 22300 22400 22500 22600 22700
 22800 22900 23000 23100 23200 23300 23400 23500 23600 23700 23800 23900
 24000 24100 24200 24300 24400 24500 24600 24700 24800 24900 25000 25100
 25200 25300 25400 25500 25600 25700 25800 25900 26000 26100 26200 26300
 26400 26500 26600 26700 26800 26900 27000 27100 27200 27300 27400 27500
 27600 27700 27800 27900 28000 28100 28200 28300 28400 28500 28600 28700
 28800 28900 29000 29100 29200 29300 29400 29500 29600 29700 29800 29900
 30000 30100 30200 30300 30400 30500 30600 30700 30800 30900 31000 31100
 31200 31300 31400 31500 31600 31700 31800 31900 32000 32100 32200 32300
 32400 32500 32600 32700 32800 32900 33000 33100 33200 33300 33400 33500
 33600 33700 33800 33900 34000 34100 34200 34300 34400 34500 34600 34700
 34800 34900 35000 35100 35200 35300 35400 35500 35600 35700 35800 35900
 36000 36100 36200 36300 36400 36500 36600 36700 36800 36900 37000 37100
 37200 37300 37400 37500 37600 37700 37800 37900 38000 38100 38200 38300
 38400 38500 38600 38700 38800 38900 39000 39100 39200 39300 39400 39500
 39600 39700 39800 39900 40000 40100 40200 40300 40400 40500 40600 40700
 40800 40900 41000 41100 41200 41300 41400 41500 41600 41700 41800 41900
 42000 42100 42200 42300 42400 42500 42600 42700 42800 42900 43000 43100
 43200 43300 43400 43500 43600 43700 43800 43900 44000 44100 44200 44300
 44400 44500 44600 44700 44800 44900 45000 45100 45200 45300 45400 45500
 45600 45700 45800 45900 46000 46100 46200 46300 46400 46500 46600 46700
 46800 46900 47000 47100 47200 47300 47400 47500 47600 47700 47800 47900
 48000 48100 48200 48300 48400 48500 48600 48700 48800 48900 49000 49100
 49200 49300 49400 49500 49600 49700 49800 49900 50000 50100 50200 50300
 50400 50500 50600 50700 50800 50900 51000 51100 51200 51300 51400 51500
 51600 51700 51800 51900 52000 52100 52200 52300 52400 52500 52600 52700
 52800 52900 53000 53100 53200 53300 53400 53500 53600 53700 53800 53900
 54000 54100 54200 54300 54400 54500 54600 54700 54800 54900 55000 55100
 55200 55300 55400 55500 55600 55700 55800 55900 56000 56100 56200 56300
 56400 56500 56600 56700 56800 56900 57000 57100 57200 57300 57400 57500
 57600 57700 57800 57900 58000 58100 58200 58300 58400 58500 58600 58700
 58800 58900 59000 59100 59200 59300 59400 59500 59600 59700 59800 59900
 60000 60100 60200 60300 60400 60500 60600 60700 60800 60900 61000 61100
 61200 61300 61400 61500 61600 61700 61800 61900 62000 62100 62200 62300
 62400 62500 62600 62700 62800 62900 63000 63100 63200 63300 63400 63500
 63600 63700 63800 63900 64000 64100 64200 64300 64400 64500 64600 64700
 64800 64900 65000 65100 65200 65300 65400 65500 65600 65700 65800 65900
 66000 66100 66200 66300 66400 66500 66600 66700 66800 66900 67000 67100
 67200 67300 67400 67500 67600 67700 67800 67900 68000 68100 68200 68300
 68400 68500 68600 68700 68800 68900 69000 69100 69200 69300 69400 69500
 69600 69700 69800 69900 70000 70100 70200 70300 70400 70500 70600 70700
 70800 70900 71000 71100 71200 71300 71400 71500 71600 71700 71800 71900
 72000 72100 72200 72300 72400 72500 72600 72700 72800 72900 73000 73100
 73200 73300 73400 73500 73600 73700 73800 73900 74000 74100 74200 74300
 74400 74500 74600 74700 74800 74900 75000 75100 75200 75300 75400 75500
 75600 75700 75800 75900 76000 76100 76200 76300 76400 76500 76600 76700
 76800 76900 77000 77100 77200 77300 77400 77500 77600 77700 77800 77900
 78000 78100 78200 78300 78400 78500 78600 78700 78800 78900 79000 79100
 79200 79300 79400 79500 79600 79700 79800 79900 80000 80100 80200 80300
 80400 80500 80600 80700 80800 80900 81000 81100 81200 81300 81400 81500
 81600 81700 81800 81900 82000 82100 82200 82300 82400 82500 82600 82700
 82800 82900 83000 83100 83200 83300 83400 83500 83600 83700 83800 83900
 84000 84100 84200 84300 84400 84500 84600 84700 84800 84900 85000 85100
 85200 85300 85400 85500 85600 85700 85800 85900 86000 86100 86200 86300
 86400 86500 86600 86700 86800 86900 87000 87100 87200 87300 87400 87500
 87600 87700 87800 87900 88000 88100 88200 88300 88400 88500 88600 88700
 88800 88900 89000 89100 89200 89300 89400 89500 89600 89700 89800 89900
 90000 90100 90200 90300 90400 90500 90600 90700 90800 90900 91000 91100
 91200 91300 91400 91500 91600 91700 91800 91900 92000 92100 92200 92300
 92400 92500 92600 92700 92800 92900 93000 93100 93200 93300 93400 93500
 93600 93700 93800 93900 94000 94100 94200 94300 94400 94500 94600 94700
 94800 94900 95000 95100 95200 95300 95400 95500 95600 95700 95800 95900
 96000 96100 96200 96300 96400 96500 96600 96700 96800 96900 97000 97100
 97200 97300 97400 97500 97600 97700 97800 97900 98000 98100 98200 98300
 98400 98500 98600 98700 98800 98900 99000 99100 99200 99300 99400 99500
 99600 99700 99800 99900]","[0.14700725 0.11828721 0.10898977 0.11032793 0.13993999 0.41770286
 0.08923314 0.09428344 0.16789727 0.08291156 0.14484913 0.07721594
 0.08467927 0.24078566 0.3434764  0.19549527 0.10997524 0.12820632
 0.32297931 0.11883175 0.0796483  0.12449131 0.11049098 0.15216963
 0.1614182  0.05250191 0.17363287 0.10776459 0.08487919 0.06905543
 0.10156934 0.05664036 0.0869942  0.07877378 0.04649084 0.05361724
 0.06108577 0.05398881 0.02849555 0.04171645 0.04985641 0.04262666
 0.046525   0.04034457 0.05147076 0.03927227 0.0373384  0.05103642
 0.04045832 0.03556246 0.05155334 0.04835821 0.05496639 0.04605441
 0.04611975 0.04163849 0.05574864 0.06001066 0.04488959 0.04210233
 0.05832554 0.05359335 0.05438425 0.11512089 0.06368608 0.0479033
 0.06011181 0.05989296 0.04715752 0.0535753  0.06419618 0.05408967
 0.04742937 0.03785748 0.02823896 0.03921211 0.05561373 0.05211711
 0.05766838 0.04449403 0.04905119 0.04461432 0.71709971 0.05423707
 0.0394676  0.06109928 0.0413167  0.05473757 0.03090853 0.04037631
 0.03123143 0.0425303  0.02509396 0.05185199 0.04550484 0.04785391
 0.03067139 0.03071821 0.0474309  0.04414042 0.03561691 0.02980931
 0.04920989 0.03905073 0.03337268 0.0300657  0.02484248 0.03340671
 0.02935567 0.03532887 0.03046217 0.01633691 0.02977588 0.02619696
 0.02676679 0.04358616 0.04324567 0.04202127 0.03611742 0.03383355
 0.03282589 0.03458042 0.02650686 0.03313711 0.05043341 0.0349854
 0.0327789  0.02962987 0.0379529  0.03232321 0.02384187 0.01829162
 0.0186248  0.02509729 0.01620883 0.01950798 0.02483781 0.03104705
 0.03080474 0.03182427 0.02534592 0.02903191 0.02693729 0.0310678
 0.01951979 0.03091021 0.03299841 0.02213081 0.0259659  0.02766085
 0.02298358 0.01841895 0.03380464 0.01834704 0.02616031 0.01771606
 0.02653995 0.02238793 0.02246082 0.02074708 0.03286382 0.02573955
 0.02059474 0.02946713 0.03002489 0.01941126 0.02301803 0.02644798
 0.02486783 0.03443192 0.02462615 0.0299682  0.01362971 0.01786404
 0.01644655 0.01363347 0.02160205 0.02037781 0.01801989 0.0217411
 0.02500741 0.01692302 0.02553876 0.02087531 0.03672411 0.02247313
 0.02182131 0.01146114 0.01575723 0.0228174  0.0226771  0.01859135
 0.0178154  0.02023819 0.025218   0.02029685 0.02959527 0.02553501
 0.01552425 0.0321783  0.01955583 0.01515853 0.02185932 0.01753325
 0.02349845 0.01762741 0.0173085  0.02318245 0.01876184 0.01659199
 0.012209   0.01864455 0.02768997 0.01913071 0.01337787 0.01856713
 0.02716472 0.01727972 0.01875198 0.01821573 0.01574727 0.01538605
 0.01395931 0.01708712 0.02012213 0.0188406  0.01947416 0.0136469
 0.01939066 0.01073215 0.01555101 0.0109887  0.01897094 0.01466505
 0.01284441 0.02242595 0.01676985 0.02056979 0.01922945 0.01538453
 0.02125951 0.02013051 0.01762666 0.01498844 0.01138211 0.01725983
 0.01281549 0.01444213 0.01633549 0.019294   0.01817944 0.02073769
 0.0213481  0.01563575 0.02178914 0.01706387 0.00943004 0.01781222
 0.01036288 0.0111063  0.01301473 0.01424631 0.01739637 0.01910787
 0.01289351 0.01348302 0.01406079 0.01688135 0.01841531 0.02559758
 0.02501331 0.01589683 0.01099632 0.01916344 0.01644515 0.02256757
 0.01794651 0.01030848 0.02096986 0.01535211 0.01550718 0.01475838
 0.02003121 0.0098858  0.02151958 0.01305257 0.01616122 0.0156906
 0.01413029 0.00911537 0.01938266 0.01305773 0.01383608 0.01658923
 0.01792854 0.01628441 0.01848625 0.0135625  0.01356613 0.01868528
 0.01162444 0.02012588 0.01730795 0.01025996 0.01429385 0.01024515
 0.01086021 0.01632331 0.01073355 0.01112972 0.01172347 0.01012361
 0.01381778 0.00961934 0.00844715 0.01224199 0.0152118  0.01378135
 0.01016296 0.01084295 0.01106324 0.01157458 0.01168728 0.01396886
 0.01035274 0.0204918  0.01604984 0.01531937 0.00806928 0.01521087
 0.0154103  0.01346876 0.01110574 0.01085226 0.01563297 0.00886233
 0.01134906 0.00891242 0.01262841 0.01140629 0.01004258 0.01303993
 0.01148792 0.01315464 0.01381054 0.01296104 0.00940366 0.01629921
 0.01740381 0.01515052 0.01024412 0.01805792 0.01533005 0.01163774
 0.0117822  0.01121176 0.00705305 0.00993716 0.01070663 0.0107226
 0.01638129 0.01281886 0.01432958 0.01298307 0.0121983  0.01283466
 0.01180844 0.01465256 0.01344349 0.01124652 0.01254356 0.01256802
 0.02066484 0.01417999 0.01372225 0.00958436 0.01378751 0.01169038
 0.01100369 0.01432515 0.01325529 0.01193942 0.00914023 0.01053861
 0.00846889 0.01088559 0.01050179 0.01314567 0.00775622 0.01307803
 0.01149828 0.01085266 0.01308035 0.01881963 0.01460243 0.00946113
 0.0137717  0.01518384 0.0122657  0.01396722 0.0082694  0.01220272
 0.01491868 0.0118525  0.00951906 0.01374189 0.01752061 0.01275687
 0.01258415 0.02212164 0.01191087 0.01025232 0.01512935 0.00807652
 0.01400487 0.01123441 0.01569835 0.00775416 0.01284764 0.01056753
 0.00918968 0.01522732 0.01550632 0.01288896 0.01076415 0.01226373
 0.01083908 0.00996547 0.01157258 0.01509843 0.01388237 0.00985818
 0.01423783 0.01233288 0.01950355 0.01290375 0.00987219 0.01418947
 0.0088052  0.01272297 0.01220833 0.00810342 0.01148871 0.01390428
 0.00801561 0.01475082 0.01232231 0.00742889 0.0112611  0.01106114
 0.00846375 0.01035725 0.0149246  0.01075812 0.01069677 0.00593015
 0.014149   0.01182013 0.00892324 0.01485328 0.00948357 0.01076058
 0.01474052 0.01003459 0.01245071 0.01086706 0.00855361 0.01179678
 0.01139066 0.01212101 0.00858233 0.00725458 0.00628002 0.00976374
 0.00888595 0.01066744 0.0062949  0.00708048 0.02043488 0.00818438
 0.00958555 0.01036466 0.01203412 0.01109303 0.00926182 0.01112926
 0.0123282  0.00590533 0.0090535  0.01058286 0.00750113 0.0093493
 0.01051096 0.01681188 0.00852091 0.00755072 0.00798071 0.01039803
 0.0138723  0.01525729 0.00975498 0.00903573 0.00839213 0.01035996
 0.01131106 0.01102185 0.00943818 0.00985937 0.00976403 0.01359156
 0.00678751 0.01457024 0.01030991 0.01318199 0.01280119 0.00844885
 0.01134687 0.01050838 0.01129489 0.0071823  0.00910449 0.01252295
 0.01111138 0.01198479 0.00953957 0.0084341  0.008117   0.00909669
 0.00950333 0.00717843 0.01395779 0.01094419 0.0073824  0.01019362
 0.00895918 0.0105379  0.01591617 0.00896574 0.01255674 0.00850624
 0.00831325 0.00742307 0.00904219 0.00683101 0.0086209  0.01566776
 0.00787785 0.01057368 0.01046227 0.00793509 0.00575054 0.01122186
 0.01224883 0.00594936 0.00972213 0.00657086 0.00875154 0.00608162
 0.00746393 0.00575887 0.00756531 0.0091906  0.01018493 0.00840433
 0.00900949 0.00981564 0.0085235  0.00726535 0.00619955 0.00877677
 0.01061984 0.01352637 0.01466794 0.00976206 0.00696452 0.01710909
 0.01015744 0.00663118 0.00737404 0.01015057 0.00749931 0.00895147
 0.00672097 0.00954181 0.01225757 0.00499206 0.00747753 0.00670753
 0.00836227 0.00507526 0.00970129 0.00713932 0.00874293 0.00632586
 0.01344441 0.00924891 0.00713447 0.01203258 0.0155438  0.00720779
 0.00597255 0.00791457 0.00550939 0.0063338  0.00684034 0.00660243
 0.00859406 0.00517706 0.00811558 0.01294855 0.00871131 0.00404745
 0.01021945 0.00894323 0.00875491 0.00774443 0.00805505 0.00859594
 0.0067755  0.0051489  0.01077633 0.00864089 0.00602968 0.01135533
 0.00833291 0.00826773 0.01638325 0.00698152 0.00991311 0.00849543
 0.00975794 0.01058813 0.00868598 0.00807099 0.00749446 0.00818928
 0.00770005 0.0085206  0.00519225 0.00873535 0.00723224 0.00765512
 0.0063126  0.00630239 0.00559865 0.00936308 0.00646452 0.01005838
 0.00735386 0.00811398 0.00964358 0.0073713  0.00647154 0.00743363
 0.00710911 0.00788518 0.0091313  0.00714748 0.00718538 0.00940764
 0.01016409 0.00796435 0.01107072 0.00642097 0.00628326 0.00794679
 0.00953743 0.00879345 0.01023248 0.01124198 0.0069709  0.00823585
 0.00793662 0.00571233 0.0103183  0.00938822 0.00835433 0.00801668
 0.00892649 0.01169702 0.0086569  0.00754167 0.01244835 0.00920973
 0.00935628 0.01981521 0.00708116 0.00664179 0.00592884 0.00563921
 0.00920181 0.00812375 0.00917248 0.00663231 0.00888827 0.0070415
 0.00619171 0.00784374 0.00397412 0.00632554 0.0095449  0.00758683
 0.00790802 0.00773519 0.00773059 0.01043624 0.00698063 0.01083645
 0.00865828 0.00412731 0.00725076 0.00751166 0.01009892 0.0081121
 0.00700962 0.0095178  0.00899693 0.00591675 0.01067378 0.00531657
 0.00973103 0.00775662 0.00749899 0.00760275 0.00519829 0.00515685
 0.00747342 0.008428   0.00704348 0.00775667 0.00491773 0.00883429
 0.00753953 0.00710186 0.00873407 0.01042492 0.01365788 0.00777017
 0.01148648 0.00847538 0.01015373 0.00832253 0.0102329  0.00589786
 0.00766263 0.01254766 0.00733057 0.00782287 0.00646927 0.00698212
 0.00718582 0.00878538 0.00505367 0.0100488  0.0092859  0.00561938
 0.00750947 0.00705668 0.00702847 0.0050006  0.006036   0.0069915
 0.00916642 0.0074157  0.00849882 0.00828641 0.00783399 0.00929573
 0.00551226 0.00643052 0.00781906 0.00530439 0.0055029  0.00782969
 0.00939851 0.00789657 0.00989466 0.0068491  0.00645284 0.0074254
 0.01404257 0.00910492 0.01115456 0.00664033 0.00574432 0.00690253
 0.00715814 0.00718003 0.01288476 0.00894306 0.01176538 0.00605788
 0.00869207 0.00915628 0.0089406  0.00675088 0.00658073 0.00758757
 0.00722719 0.01197968 0.00741859 0.00648095 0.00680175 0.00960707
 0.00478204 0.00627459 0.0075821  0.00791357 0.00763342 0.0072225
 0.00576211 0.00539306 0.0107278  0.00959847 0.00641378 0.00807318
 0.00490912 0.00613857 0.00553412 0.00798517 0.01156375 0.00729403
 0.01026005 0.00560135 0.00563516 0.00779886 0.01216693 0.00783863
 0.00849454 0.00577705 0.00593863 0.0091268  0.00789477 0.00591775
 0.0071173  0.00851261 0.00614694 0.00719149 0.00949396 0.00922087
 0.00849712 0.00603769 0.00792778 0.00954795 0.00845486 0.0120446
 0.00618324 0.00509413 0.00869154 0.00958392 0.01185269 0.00770956
 0.00824709 0.0063048  0.01126279 0.00784907 0.01095903 0.00920346
 0.00718341 0.01172143 0.0060071  0.00819325 0.00670331 0.00487127
 0.00589984 0.00769791 0.00576342 0.00829916 0.00927021 0.00639089
 0.0076026  0.00642542 0.00405246 0.00931207 0.0064985  0.00464676
 0.01382171 0.00804676 0.00648356 0.00835264 0.00805475 0.00604048
 0.00860683 0.00700963 0.00624478 0.00742633 0.00494012 0.00767065
 0.00965256 0.00785713 0.00895958 0.00776242 0.00712826 0.00586267
 0.00473261 0.00945155 0.00401011 0.00912279 0.00587226 0.00801713
 0.01023244 0.00720464 0.00836948 0.00886219 0.01166955 0.01569146
 0.00846192 0.00481585 0.00724248 0.00778536 0.01734457 0.00734016
 0.00925132 0.01042241 0.00529785 0.00955752 0.0048211  0.00591982
 0.00723713 0.00676285 0.00658321 0.00673338 0.00771491 0.00848832
 0.00934245 0.00795657 0.00541509 0.00637006 0.00485044 0.01031437
 0.00664924 0.00649087 0.0082129  0.00821617 0.00890601 0.01001687
 0.01099019 0.00649328 0.00590111 0.00653608 0.00755689 0.01516344
 0.00545213 0.00619002 0.00757397 0.0074302  0.00852057 0.00637445
 0.01310263 0.0082394  0.0049037  0.00930181 0.0091578  0.00726602
 0.00571235 0.00717684 0.00782616 0.00590859 0.00818421 0.00508536
 0.00684762 0.00868822 0.00687407 0.0066932  0.00733845 0.00949225
 0.00673113 0.00752255 0.00684084 0.00720844 0.00870084 0.0054139
 0.00817981 0.00463549 0.01467502 0.00392634 0.00804998 0.00833405
 0.00676584 0.00571131 0.00908342 0.00583669 0.00612995 0.00605582
 0.00588643 0.00732509 0.00585041 0.01002568 0.00350301 0.00610577
 0.00935867 0.01136341 0.00775371 0.00570618 0.00361385 0.00561577
 0.00637025 0.00413152 0.00628234 0.00613243]","[0.07807718 0.07307647 0.0713778  0.06913458 0.05988818 0.05905887
 0.06035958 0.04498879 0.03470702 0.04145515 0.04734389 0.03128514
 0.03228902 0.05828986 0.0429241  0.03856152 0.03420216 0.03608821
 0.0432818  0.03857932 0.02632855 0.02978729 0.02607823 0.02288538
 0.0365316  0.02533002 0.02747597 0.03817112 0.02515756 0.03638344
 0.03403185 0.01839039 0.03277423 0.03364529 0.0248877  0.03131989
 0.03034313 0.02273443 0.01059145 0.02083608 0.02535082 0.02218373
 0.02195278 0.01915302 0.025483   0.01994344 0.01620796 0.02856703
 0.01816964 0.01854261 0.03232162 0.02743011 0.02887511 0.02544942
 0.02588911 0.0203444  0.02917634 0.03132411 0.01773419 0.02232767
 0.02668777 0.02983356 0.02754333 0.0338257  0.02587452 0.02490203
 0.0319967  0.03341285 0.02728744 0.02102049 0.03253651 0.02228421
 0.02258781 0.02031112 0.01274375 0.01318147 0.02764313 0.02483712
 0.03067331 0.02042849 0.02310855 0.02151486 0.02065084 0.02544206
 0.01871581 0.03912542 0.020618   0.02558489 0.01493222 0.01608734
 0.01480277 0.02326419 0.01227877 0.02468459 0.01857746 0.02479596
 0.01616964 0.01414246 0.02049197 0.02401396 0.01811158 0.0141753
 0.02441447 0.01803781 0.01235571 0.01532699 0.01476647 0.0150948
 0.01898411 0.01672987 0.01476019 0.00974973 0.01188732 0.01213523
 0.01361455 0.01799469 0.01928224 0.02037559 0.01681282 0.01602763
 0.01851436 0.0155658  0.01545271 0.01989438 0.02342145 0.01901901
 0.01650718 0.0173648  0.01935267 0.01239339 0.01195919 0.00962543
 0.01145178 0.01469515 0.00707921 0.00939641 0.01310505 0.01434876
 0.01693397 0.01961101 0.01305075 0.01360862 0.01102896 0.01831707
 0.00889518 0.0157821  0.01466548 0.01190364 0.01434693 0.01785361
 0.01380642 0.01001445 0.01615951 0.00945296 0.01419429 0.00983581
 0.01325636 0.01087398 0.01113922 0.01194474 0.01300363 0.01401768
 0.00927174 0.01161862 0.01500802 0.01056826 0.01074487 0.01240247
 0.01200354 0.01611955 0.01161026 0.01637033 0.00756543 0.0098172
 0.00654309 0.00743614 0.01056586 0.00821275 0.01170562 0.01121091
 0.01519997 0.01109233 0.01431516 0.01058168 0.0193085  0.01403698
 0.01284879 0.00550457 0.01131001 0.01535859 0.01152781 0.01142025
 0.01072196 0.00968527 0.01486157 0.01148251 0.01365595 0.01390633
 0.00975372 0.0190471  0.01012901 0.00831502 0.012682   0.00935181
 0.01395777 0.00824112 0.00884051 0.01424429 0.01085823 0.00917847
 0.0064571  0.01053412 0.01605333 0.01002958 0.00796421 0.01154087
 0.00949852 0.01013989 0.01299373 0.0080574  0.00914192 0.00760286
 0.00877778 0.00879294 0.01143747 0.00704108 0.01250852 0.00797247
 0.01016429 0.00533926 0.00936862 0.00610495 0.01098882 0.00897447
 0.0071771  0.01391754 0.01171149 0.01228592 0.01077107 0.00908221
 0.01410826 0.01078242 0.00857715 0.00854074 0.00544341 0.00947713
 0.00826361 0.0072272  0.01014362 0.01139172 0.01104239 0.01111205
 0.00647104 0.0074089  0.01246368 0.01058894 0.0058056  0.0103544
 0.00644199 0.00464963 0.00748252 0.00920859 0.01088348 0.01187213
 0.00833888 0.00633131 0.00711451 0.00883345 0.01084127 0.01429899
 0.0143779  0.00927113 0.00590736 0.01003402 0.00909441 0.01062524
 0.00998657 0.00588255 0.01330758 0.00888669 0.01018403 0.0082738
 0.01149763 0.00509687 0.01082638 0.00744088 0.00982366 0.00876557
 0.00799752 0.00538156 0.01211799 0.00912117 0.00765156 0.00985043
 0.01078994 0.00975729 0.01017776 0.00818172 0.00884574 0.01112519
 0.00770792 0.01112192 0.01128279 0.00708451 0.00797838 0.00650961
 0.00599715 0.01040238 0.00585707 0.00702397 0.00615298 0.00667149
 0.00808954 0.00591286 0.00503256 0.0069141  0.00863244 0.00823032
 0.00647954 0.00561062 0.00703442 0.00681014 0.00792072 0.00891132
 0.00513389 0.01365556 0.00800261 0.00982019 0.00435558 0.00656986
 0.00912292 0.00755138 0.00762557 0.00622992 0.00931515 0.00568342
 0.00636249 0.00523623 0.00720839 0.00698524 0.00616076 0.0075148
 0.00561086 0.00672419 0.00671394 0.00698145 0.00607125 0.00879883
 0.0104012  0.00890167 0.0062355  0.01036904 0.009171   0.00824805
 0.00732314 0.00645581 0.00412494 0.00527939 0.00514323 0.00590992
 0.00967997 0.00787992 0.00942681 0.00659254 0.00777685 0.00787328
 0.00697463 0.00873535 0.00709527 0.00715731 0.00799591 0.00760062
 0.00778727 0.00787103 0.00619162 0.00553367 0.00878443 0.00693702
 0.00649856 0.0086201  0.00574622 0.00640505 0.00512824 0.00616146
 0.00506258 0.00458325 0.00582357 0.00763161 0.00480553 0.00720706
 0.00839415 0.00654279 0.00824336 0.00699734 0.00894712 0.00667345
 0.00737774 0.00794593 0.00693221 0.00655486 0.00508135 0.00566564
 0.00880628 0.00481472 0.00525855 0.00886353 0.01047711 0.00721237
 0.00619796 0.0080021  0.00671773 0.0062831  0.01011059 0.0047303
 0.00898226 0.00669242 0.01035996 0.00415905 0.00763413 0.00591225
 0.00455242 0.00570832 0.01000053 0.00441315 0.00625789 0.00772458
 0.00580474 0.00505161 0.00485267 0.00802876 0.00715793 0.00472659
 0.00811152 0.00522863 0.00886592 0.00743138 0.00642698 0.00763778
 0.00520201 0.00836614 0.00702808 0.00457183 0.00747165 0.0075306
 0.00451641 0.00832289 0.00690459 0.00461141 0.00581319 0.00718784
 0.0041979  0.00486921 0.0089839  0.00509131 0.0065662  0.0032872
 0.00827111 0.00555266 0.00488087 0.00632071 0.00480438 0.00621182
 0.00867659 0.0063431  0.00607194 0.00614632 0.00505099 0.00763526
 0.00703951 0.00836468 0.00503052 0.00430541 0.00369613 0.00588659
 0.00491336 0.00585761 0.00305381 0.00406327 0.00841948 0.00421791
 0.00640572 0.00562574 0.00629989 0.00574661 0.00339195 0.00604955
 0.00691953 0.00391107 0.00550875 0.00545631 0.00405522 0.00597735
 0.00660608 0.00729753 0.00570166 0.00433524 0.00479125 0.00529704
 0.00683297 0.00763653 0.00545011 0.00510967 0.00514331 0.00588361
 0.0063953  0.00633657 0.00526297 0.00633266 0.0054105  0.00864119
 0.00350386 0.00880257 0.00531506 0.00788292 0.00515786 0.00448906
 0.00598979 0.0066498  0.00601425 0.00419071 0.00508882 0.00625314
 0.00649858 0.00596194 0.0053241  0.00523783 0.00382477 0.00532951
 0.00502918 0.00307208 0.00499405 0.00698153 0.00474766 0.0053362
 0.00491832 0.00630335 0.00425982 0.00494753 0.00359498 0.00471549
 0.00444595 0.004115   0.00535231 0.00387585 0.00461632 0.00564515
 0.00499819 0.00625922 0.0060219  0.00434132 0.00351907 0.00270411
 0.00637609 0.00351001 0.00557346 0.0031283  0.00449698 0.00341608
 0.0040176  0.00333624 0.00454173 0.00496528 0.00488585 0.00518223
 0.00514784 0.00500631 0.00464184 0.00435076 0.00384568 0.00474449
 0.00748735 0.00709079 0.00514728 0.00542275 0.00359749 0.00651252
 0.00638827 0.00331729 0.00300647 0.00654105 0.00462652 0.00531229
 0.0038941  0.00493092 0.00742525 0.00295594 0.00480849 0.00406852
 0.00503584 0.00272131 0.00406782 0.00416186 0.00520266 0.0046135
 0.00635559 0.00505833 0.00386553 0.00513524 0.00596296 0.00357429
 0.00317952 0.00456702 0.00347048 0.00385739 0.00334387 0.00404524
 0.00504443 0.00290878 0.00407615 0.00562996 0.00500855 0.00218021
 0.00599797 0.0042455  0.00490217 0.00353285 0.00493718 0.00525642
 0.00333033 0.00302239 0.00223927 0.00420247 0.00373221 0.00647828
 0.00448513 0.00457259 0.00656175 0.00337651 0.00576148 0.00509169
 0.00525065 0.00640021 0.00507927 0.00482711 0.00411214 0.00542237
 0.00391001 0.00574235 0.00278685 0.00326574 0.00366266 0.00490513
 0.00363151 0.00371979 0.00323124 0.00530786 0.00367851 0.00486262
 0.00469828 0.00422315 0.00523745 0.00435379 0.00368639 0.00341235
 0.0026347  0.00359961 0.00458761 0.00375044 0.00357482 0.00475528
 0.00533056 0.00466445 0.00584371 0.00332884 0.00330248 0.00412908
 0.0035634  0.00495738 0.00579405 0.00534259 0.00407279 0.00439915
 0.00476907 0.00262888 0.00509377 0.00544984 0.00502524 0.004673
 0.00328915 0.0058857  0.00412843 0.00318225 0.00353567 0.00441513
 0.00506534 0.00392082 0.00404495 0.00378711 0.00348052 0.00283238
 0.00468236 0.00475098 0.00387205 0.0031497  0.00537169 0.00424162
 0.00350266 0.00401924 0.00213547 0.00396346 0.0038381  0.00417675
 0.00394776 0.0044097  0.00448719 0.00485597 0.00304676 0.00493501
 0.0050979  0.00227096 0.00468112 0.00441445 0.00583935 0.00377443
 0.00404776 0.00384075 0.004872   0.00297573 0.00481727 0.00339131
 0.00437748 0.00312173 0.00446792 0.00319887 0.00297423 0.00286074
 0.00413236 0.00383956 0.00410008 0.00328996 0.00293129 0.00493345
 0.00358849 0.00415043 0.00492997 0.00504392 0.00355418 0.00492721
 0.00354929 0.00406434 0.00500576 0.00494814 0.00487387 0.00323371
 0.00431326 0.00280576 0.0034103  0.00401596 0.00412452 0.00382164
 0.00452432 0.00496855 0.00235356 0.00313994 0.00460367 0.00247564
 0.00460782 0.00347019 0.0034367  0.00257413 0.00347521 0.00323727
 0.00554642 0.00355833 0.00353971 0.00433788 0.00492629 0.00581571
 0.00288996 0.0030158  0.00466538 0.00232509 0.00334842 0.00453773
 0.00514557 0.00426346 0.00556893 0.00409916 0.00345729 0.00347102
 0.00537049 0.00574714 0.00469817 0.00301359 0.00331893 0.0038608
 0.00396889 0.0036503  0.00270211 0.00490199 0.00601227 0.00326493
 0.0049004  0.00457089 0.00479435 0.00340469 0.00397603 0.0049964
 0.00315263 0.00748029 0.00421554 0.00374394 0.00363512 0.00387167
 0.00233763 0.0036911  0.00418568 0.00391687 0.00456702 0.00289197
 0.00315484 0.00317854 0.0051498  0.00495917 0.00389555 0.00404105
 0.00282856 0.00344797 0.00315143 0.0039189  0.00504459 0.00265006
 0.00515808 0.00316297 0.00338044 0.00443187 0.00472701 0.00506688
 0.00356975 0.00312223 0.00340306 0.00549906 0.00430322 0.00332139
 0.00315619 0.004566   0.00319946 0.00331606 0.00462782 0.0037874
 0.00340566 0.00363895 0.00291508 0.00371736 0.00394932 0.00707004
 0.00303525 0.00250369 0.00362941 0.00508198 0.00639685 0.00382144
 0.00430753 0.00232828 0.00695109 0.00447991 0.00607697 0.00324575
 0.00258604 0.00588339 0.00303622 0.00428327 0.00320951 0.00247704
 0.00260364 0.00305363 0.00342331 0.00448524 0.00493181 0.0029567
 0.00406393 0.00410462 0.00231868 0.00534555 0.00376642 0.00269253
 0.00394034 0.00532864 0.00256587 0.00376374 0.00160684 0.00323816
 0.00336425 0.00305092 0.00386124 0.00331407 0.00259155 0.00377031
 0.00345448 0.00330045 0.00491137 0.00375801 0.00324265 0.00217212
 0.00209822 0.00402357 0.00151407 0.0045316  0.00280551 0.0042356
 0.0039954  0.00370155 0.00406513 0.00338358 0.00274808 0.00357102
 0.00351725 0.00256306 0.00343945 0.00367531 0.00419105 0.00346754
 0.00519517 0.00442873 0.00272174 0.00439867 0.00303971 0.00308615
 0.00333728 0.00218544 0.00340565 0.00334252 0.0034233  0.00454209
 0.00468319 0.00396041 0.00270871 0.00391319 0.00245313 0.00441889
 0.00338819 0.00343428 0.00314748 0.00406198 0.00400704 0.00435383
 0.0040973  0.00332106 0.00199516 0.00373575 0.00292434 0.0024983
 0.0023038  0.00266552 0.00345741 0.00327101 0.00449697 0.00373204
 0.00716778 0.0045145  0.0027942  0.00407241 0.00501317 0.00451997
 0.00285062 0.004033   0.00329927 0.0028855  0.0034196  0.0025569
 0.00332856 0.00505536 0.00269919 0.00374937 0.003155   0.00530383
 0.00307399 0.00468385 0.00436672 0.00398356 0.00441655 0.00288094
 0.00407859 0.00226533 0.00490169 0.00129431 0.00457901 0.00391098
 0.00310152 0.00316529 0.00541469 0.00278435 0.00341071 0.00226206
 0.00243034 0.00347994 0.00362022 0.00578672 0.00217293 0.00414079
 0.00367771 0.00464698 0.00335934 0.00255516 0.00211343 0.0034582
 0.00295998 0.00231473 0.00339234 0.00382219]","[0.23291543 0.17496956 0.15133245 0.15715759 0.26489964 1.09227609
 0.12059267 0.17438662 0.39895931 0.14289596 0.29062144 0.14929615
 0.15918982 0.56464974 0.91492939 0.48931841 0.24671149 0.29399726
 0.86460954 0.24439052 0.16210422 0.2934371  0.25973253 0.39111717
 0.37639546 0.08534199 0.45117289 0.22628718 0.18697421 0.11085643
 0.21385357 0.11130052 0.15441331 0.14306196 0.07124609 0.08143992
 0.10362133 0.09345772 0.05105896 0.06644974 0.07908749 0.06905449
 0.07674366 0.06609216 0.08381976 0.06257584 0.06355393 0.07596994
 0.06729003 0.05982772 0.07161606 0.07033359 0.08362854 0.07007699
 0.06986608 0.06829685 0.08706885 0.09578441 0.07684086 0.06531006
 0.09765491 0.0819131  0.08587669 0.25783058 0.11372766 0.07700259
 0.09395062 0.0909668  0.07009367 0.09401397 0.10074575 0.09756906
 0.07972608 0.05751565 0.04691168 0.07618071 0.0925498  0.09155367
 0.09021951 0.07505953 0.08012023 0.074245   2.09127419 0.08907362
 0.06563859 0.08645702 0.0672524  0.08896915 0.05207001 0.07273268
 0.05149531 0.06574743 0.04088079 0.09298205 0.08145204 0.07574258
 0.04784776 0.05472475 0.08398549 0.06814136 0.05565683 0.04926138
 0.07824153 0.06472634 0.0649915  0.04838397 0.03619263 0.05661283
 0.04107037 0.06078434 0.04926894 0.02376737 0.05743532 0.04491333
 0.04327746 0.07994576 0.07753821 0.06807892 0.05972461 0.05711255
 0.0497957  0.0618995  0.03850814 0.04771729 0.08559281 0.05413722
 0.05317164 0.04428393 0.05938585 0.0622445  0.03729841 0.02851286
 0.02627618 0.03725923 0.02750413 0.03359043 0.0401033  0.05276365
 0.04865975 0.04570649 0.04059371 0.05043013 0.05242838 0.04616094
 0.03456969 0.05247801 0.05931542 0.03404589 0.03945229 0.03816298
 0.03272238 0.02850601 0.05731626 0.02848042 0.04025201 0.02809592
 0.04333653 0.03785706 0.03826829 0.03178675 0.05792117 0.0413263
 0.03412291 0.054348   0.0488787  0.02952777 0.0401432  0.04539767
 0.0402089  0.05661035 0.03992008 0.04636734 0.02037385 0.02720043
 0.02886864 0.02080006 0.03495158 0.03478857 0.02487407 0.03353269
 0.03562009 0.02354825 0.03864738 0.0329587  0.05788573 0.03154113
 0.03308724 0.01902671 0.02055199 0.03090851 0.03624533 0.02633895
 0.02583109 0.03306802 0.0374401  0.03005242 0.04971559 0.03959893
 0.02271004 0.04788879 0.03078051 0.02261322 0.03319219 0.02817596
 0.03435488 0.02886327 0.02780611 0.03324132 0.02767411 0.02467039
 0.01986177 0.02800655 0.04022643 0.02978754 0.01983006 0.02645351
 0.05505184 0.02541896 0.02465098 0.03135124 0.02413508 0.02504525
 0.01967135 0.02676055 0.03116912 0.03678259 0.02676964 0.02061771
 0.03045626 0.01752017 0.02258408 0.01698221 0.02821792 0.02112926
 0.01943462 0.03217325 0.02223337 0.02954776 0.02972563 0.02265468
 0.02885407 0.03106663 0.02923198 0.02233503 0.01900917 0.02718438
 0.01777449 0.02528277 0.02324288 0.02851604 0.02647132 0.0320779
 0.04484647 0.02808163 0.03275347 0.02403846 0.01379899 0.02609006
 0.01499527 0.01937233 0.01941788 0.01986506 0.02439415 0.02672085
 0.01792903 0.02246757 0.0230784  0.02761985 0.02713302 0.03940535
 0.03784059 0.02333107 0.01718666 0.03275162 0.02590458 0.03897855
 0.02686446 0.01545329 0.02978354 0.02253343 0.02117709 0.02187875
 0.03039784 0.01556017 0.03426013 0.01957497 0.02315544 0.02457406
 0.02133678 0.01338569 0.02709068 0.01738163 0.02146957 0.02408627
 0.02567189 0.02402117 0.02858789 0.01932821 0.01860903 0.02703142
 0.01590806 0.03367533 0.02378214 0.01378074 0.02122389 0.01434924
 0.01662502 0.02308766 0.01667367 0.01556642 0.01785731 0.01383059
 0.02087312 0.01427553 0.01218487 0.01892762 0.02327542 0.02059645
 0.01419009 0.01823825 0.01557024 0.01694238 0.0158681  0.01956708
 0.01691309 0.02765496 0.02571671 0.02111341 0.01240958 0.0283417
 0.02278022 0.02033034 0.01498243 0.01603041 0.02267049 0.01240286
 0.01741362 0.0128676  0.01871916 0.0163907  0.01430277 0.01961158
 0.01890767 0.02170541 0.02401029 0.01988227 0.01313984 0.02605633
 0.02572086 0.02283546 0.01489674 0.02715188 0.0230565  0.01562237
 0.0167654  0.01682546 0.01029548 0.01531103 0.01747065 0.01631645
 0.024352   0.01814096 0.01991236 0.02156551 0.01747715 0.01879055
 0.01730198 0.02144532 0.02126199 0.01574073 0.01787992 0.01831888
 0.04075682 0.02139529 0.02557969 0.01450515 0.01920349 0.0173771
 0.01572894 0.0205403  0.02200969 0.01840105 0.01373442 0.01535292
 0.01211815 0.02024355 0.01692762 0.01951167 0.01100751 0.01979191
 0.01467546 0.01568634 0.01856854 0.03830615 0.02178126 0.01255695
 0.02153529 0.02438677 0.01866499 0.02280234 0.01207486 0.02054006
 0.02165662 0.02310285 0.01456287 0.0192745  0.02599181 0.01941858
 0.0207312  0.04428209 0.01824208 0.01490016 0.02072518 0.01181022
 0.01914187 0.01666554 0.02158147 0.01302199 0.01907513 0.01661176
 0.01486737 0.03084523 0.02165024 0.02751005 0.0162485  0.01711861
 0.01817385 0.01568528 0.01976231 0.02316201 0.02240377 0.01622267
 0.02098528 0.02409996 0.03531906 0.01947894 0.01354509 0.02146019
 0.01297712 0.01756178 0.01827444 0.01187725 0.01599162 0.02153208
 0.0121323  0.02430341 0.01891471 0.01065187 0.0177384  0.01526687
 0.01339711 0.0174163  0.02159125 0.01758301 0.01530068 0.00887581
 0.02112095 0.01995638 0.01402253 0.0287477  0.01606206 0.01617292
 0.02197303 0.01434071 0.02046984 0.01641829 0.01269388 0.01625196
 0.01663372 0.01600844 0.01241057 0.01063248 0.00935368 0.01424968
 0.01425084 0.01646116 0.01006783 0.01044768 0.03904329 0.01320474
 0.01366683 0.01633098 0.01999848 0.01787744 0.01700993 0.01724772
 0.01903075 0.00825903 0.01304734 0.01703809 0.01156209 0.01288954
 0.01468305 0.03180216 0.01160813 0.0116415  0.01157244 0.01676438
 0.02258924 0.02548656 0.01524412 0.01378984 0.01217681 0.0160119
 0.01738304 0.01631734 0.01391538 0.0138564  0.01528108 0.01928732
 0.01074042 0.02176161 0.01721418 0.01965214 0.02216537 0.01374302
 0.01771426 0.01475915 0.01782601 0.01067097 0.01371887 0.02155626
 0.01688068 0.01952146 0.01407944 0.01188234 0.01358738 0.0134241
 0.0154571  0.0127164  0.02902707 0.01580065 0.0102498  0.01590632
 0.01371718 0.01589187 0.03614163 0.01362898 0.0283465  0.01311306
 0.01266235 0.01129283 0.01352846 0.01019127 0.0134135  0.03193481
 0.01114341 0.01579411 0.01539747 0.01214802 0.00820051 0.02698926
 0.01948541 0.00865089 0.0148318  0.01113996 0.01422443 0.00916912
 0.01146945 0.008488   0.01090405 0.01399765 0.01802501 0.01214178
 0.01379459 0.0158373  0.01341791 0.01058088 0.00871587 0.01385208
 0.01400502 0.02140833 0.02944343 0.01478149 0.01095659 0.03378528
 0.01454604 0.01059814 0.01326203 0.01480086 0.01103949 0.01338607
 0.00995895 0.01574599 0.01766836 0.00737343 0.01043899 0.00958003
 0.01219377 0.00802305 0.01735562 0.0103307  0.01277204 0.008132
 0.02215451 0.01407112 0.01120544 0.02132226 0.03056018 0.01173286
 0.00935613 0.01216242 0.00764705 0.00916587 0.011891   0.00952546
 0.01301468 0.00819645 0.01321236 0.02410506 0.0127208  0.00617471
 0.01518716 0.01496728 0.01361044 0.0133522  0.01184536 0.01232108
 0.01100421 0.00764385 0.02625231 0.01540906 0.00849463 0.0178335
 0.01315278 0.01297735 0.03270036 0.01155835 0.01445628 0.01260262
 0.01560304 0.0153404  0.0129199  0.01165827 0.01133471 0.01155769
 0.01234302 0.01162367 0.00790413 0.01777007 0.01197322 0.01074859
 0.00930158 0.00916935 0.00837415 0.01401417 0.00977156 0.01705609
 0.01018597 0.01252904 0.01567453 0.01085433 0.00945889 0.01271916
 0.01396656 0.01365191 0.01456054 0.01119495 0.01150154 0.01506818
 0.01802127 0.01183026 0.01712893 0.00998442 0.01025005 0.01255653
 0.01926401 0.01323216 0.01551345 0.01895995 0.01024001 0.0126719
 0.01170502 0.00954004 0.01638841 0.01415961 0.01191318 0.0120011
 0.01620916 0.01894159 0.01519204 0.01458215 0.02799519 0.01526297
 0.01463273 0.04978231 0.01130331 0.00987274 0.00882452 0.00939114
 0.01545146 0.0119743  0.01654561 0.01078387 0.01311591 0.01023773
 0.00936563 0.01308858 0.00636721 0.00868184 0.01690953 0.01222605
 0.01256246 0.01148108 0.01159285 0.01874091 0.01191774 0.01922037
 0.01276689 0.00637055 0.01012824 0.01100876 0.01467276 0.01350584
 0.01061129 0.01742304 0.01415568 0.00957371 0.02034925 0.00741486
 0.01799825 0.01366482 0.01088422 0.01475668 0.0075735  0.00806667
 0.01111204 0.01374964 0.01034133 0.01333316 0.00760827 0.01379062
 0.01360782 0.01037153 0.01351609 0.01747569 0.03185388 0.01082993
 0.02506437 0.01421046 0.0163346  0.01200461 0.01828786 0.00891101
 0.01155457 0.03039104 0.01264451 0.01261944 0.00902965 0.01084462
 0.01039951 0.01315869 0.00828042 0.02210032 0.01577682 0.0095979
 0.01065565 0.01167176 0.01171263 0.00798786 0.00886995 0.01208987
 0.01308736 0.01256916 0.01622742 0.01299097 0.01109713 0.01311392
 0.00859567 0.0109565  0.01135689 0.00960003 0.00791094 0.01168793
 0.01452008 0.01213255 0.01539244 0.01010507 0.01006649 0.01273335
 0.02787767 0.01319971 0.02077326 0.01219779 0.00877365 0.01028905
 0.01097997 0.01152837 0.03198856 0.01378192 0.01900342 0.00937229
 0.01333439 0.01428964 0.01443391 0.01072924 0.00960751 0.01056828
 0.0133656  0.01699132 0.01102485 0.00966691 0.01123199 0.01949364
 0.00786688 0.00970779 0.01155169 0.01248635 0.01119304 0.0127947
 0.00894717 0.00834237 0.01742233 0.0147344  0.00915095 0.01330179
 0.00753485 0.00938473 0.00819615 0.01277359 0.02076267 0.0140889
 0.0171875  0.00835561 0.00818165 0.01197243 0.02434107 0.01098246
 0.01439655 0.00923116 0.00918789 0.01294915 0.01261967 0.00877701
 0.01218327 0.01325726 0.00962341 0.01220688 0.01539815 0.01741955
 0.01646513 0.00896012 0.01616927 0.01896315 0.01430013 0.01805387
 0.01053513 0.00885049 0.0156341  0.01550019 0.01878541 0.01329372
 0.01316318 0.01198047 0.01601374 0.01225045 0.01693821 0.01909878
 0.01450517 0.01863244 0.00945032 0.01275326 0.01148602 0.0079749
 0.01001654 0.01412565 0.00861787 0.01268206 0.01479701 0.01074201
 0.01160869 0.00887796 0.00615878 0.01414629 0.00978829 0.00701439
 0.03094262 0.01108228 0.01246053 0.01565671 0.01752673 0.00943323
 0.01597366 0.01217649 0.0091194  0.01244019 0.00790692 0.01238002
 0.01897032 0.01459061 0.01418487 0.0126978  0.01217555 0.01076087
 0.00871057 0.01599908 0.00819647 0.01596057 0.00989631 0.01224422
 0.01886824 0.01149828 0.01348209 0.01769812 0.02649165 0.03801681
 0.01555995 0.00759973 0.01193653 0.01422127 0.04004292 0.01265301
 0.01399217 0.01869315 0.00908315 0.01668045 0.00676747 0.00929748
 0.01257262 0.0144166  0.01077776 0.01079538 0.01339912 0.01355014
 0.01487465 0.01367146 0.00865848 0.00926348 0.00795164 0.01949872
 0.01080224 0.01073052 0.01521788 0.01410737 0.01556781 0.01709059
 0.02339106 0.01018065 0.01186966 0.0100354  0.01459809 0.03915854
 0.01006643 0.01094899 0.01331459 0.0130461  0.01299123 0.00963116
 0.02041841 0.01293287 0.0072053  0.0170492  0.01438678 0.0101455
 0.00944688 0.01076826 0.01419954 0.00980644 0.01495027 0.00860097
 0.01131211 0.01268944 0.01260856 0.01027533 0.01319763 0.01441901
 0.01124946 0.01084977 0.0097255  0.01100617 0.01345675 0.00833865
 0.01345978 0.00781267 0.03056536 0.00771944 0.01191543 0.01344844
 0.01153712 0.00859189 0.01339597 0.01076068 0.00930076 0.01132258
 0.01024372 0.01240149 0.00830789 0.01514206 0.0050981  0.0082557
 0.01769649 0.01974384 0.01374554 0.01025079 0.00545207 0.008173
 0.01088478 0.00656971 0.00979849 0.0087338 ]"
