,Environment,Algorithm,Goal,Steps,Run,AUC,Return,Successes
0,gridworldpartial_scratch,DQN-ReLU-Gridworld-125,125,100000,3,1.09,122.0,0.16101694915254236
1,gridworldpartial_scratch,DQN-ReLU-Gridworld-125,125,100000,0,1.11,119.0,0.07407407407407407
2,gridworldpartial_scratch,DQN-ReLU-Gridworld-125,125,100000,4,1.32,148.0,0.10091743119266056
3,gridworldpartial_scratch,DQN-ReLU-Gridworld-125,125,100000,1,1.2100000000000002,137.0,0.10810810810810811
4,gridworldpartial_scratch,DQN-ReLU-Gridworld-125,125,100000,2,1.34,155.0,0.18487394957983194
5,gridworldpartial_scratch,DQN-FTA-Gridworld-0,0,100000,0,6.3100000000000005,1136.0,0.6524064171122995
6,gridworldpartial_scratch,DQN-FTA-Gridworld-0,0,100000,3,6.14,1201.0,0.7115384615384616
7,gridworldpartial_scratch,DQN-FTA-Gridworld-0,0,100000,4,5.45,1020.0,0.7069767441860465
8,gridworldpartial_scratch,DQN-FTA-Gridworld-0,0,100000,1,6.26,1152.0,0.7038834951456311
9,gridworldpartial_scratch,DQN-FTA-Gridworld-0,0,100000,2,6.77,1375.0,0.7544642857142857
10,gridworldpartial_scratch,DQN-ReLU-Gridworld-120,120,100000,0,8.03,2829.0,0.9840848806366048
11,gridworldpartial_scratch,DQN-ReLU-Gridworld-120,120,100000,3,8.83,3151.0,0.979328165374677
12,gridworldpartial_scratch,DQN-ReLU-Gridworld-120,120,100000,4,9.110000000000001,3364.0,0.9567567567567568
13,gridworldpartial_scratch,DQN-ReLU-Gridworld-120,120,100000,1,8.75,3043.0,0.9842105263157894
14,gridworldpartial_scratch,DQN-ReLU-Gridworld-120,120,100000,2,9.590000000000002,3374.0,0.967654986522911
15,gridworldpartial_scratch,DQN-FTA-Gridworld-10,10,100000,3,6.1000000000000005,1153.0,0.7047619047619048
16,gridworldpartial_scratch,DQN-FTA-Gridworld-10,10,100000,0,6.390000000000001,1228.0,0.695
17,gridworldpartial_scratch,DQN-FTA-Gridworld-10,10,100000,4,5.869999999999999,1126.0,0.7387387387387387
18,gridworldpartial_scratch,DQN-FTA-Gridworld-10,10,100000,1,6.48,1241.0,0.7272727272727273
19,gridworldpartial_scratch,DQN-FTA-Gridworld-10,10,100000,2,6.460000000000001,1315.0,0.7009803921568627
20,gridworldpartial_scratch,DQN-ReLU-Gridworld-130,130,100000,3,9.03,4874.0,0.9879518072289156
21,gridworldpartial_scratch,DQN-ReLU-Gridworld-130,130,100000,0,9.75,5301.0,0.9920255183413078
22,gridworldpartial_scratch,DQN-ReLU-Gridworld-130,130,100000,4,9.87,5401.0,0.9916943521594684
23,gridworldpartial_scratch,DQN-ReLU-Gridworld-130,130,100000,1,9.49,4925.0,0.9950576606260296
24,gridworldpartial_scratch,DQN-ReLU-Gridworld-130,130,100000,2,9.89,5366.0,0.9934747145187602
25,gridworldpartial_scratch,DQN-FTA-Gridworld-100,100,100000,3,2.4400000000000004,289.0,0.15789473684210525
26,gridworldpartial_scratch,DQN-FTA-Gridworld-100,100,100000,0,2.53,324.0,0.29545454545454547
27,gridworldpartial_scratch,DQN-FTA-Gridworld-100,100,100000,4,2.9200000000000004,371.0,0.21666666666666667
28,gridworldpartial_scratch,DQN-FTA-Gridworld-100,100,100000,1,2.4799999999999995,323.0,0.25203252032520324
29,gridworldpartial_scratch,DQN-FTA-Gridworld-100,100,100000,2,2.18,263.0,0.25203252032520324
30,gridworldpartial_scratch,DQN-ReLU-Gridworld-135,135,100000,0,8.1,3787.0,0.9905838041431262
31,gridworldpartial_scratch,DQN-ReLU-Gridworld-135,135,100000,3,8.92,4179.0,0.9844357976653697
32,gridworldpartial_scratch,DQN-ReLU-Gridworld-135,135,100000,4,8.959999999999999,4127.0,0.9668737060041408
33,gridworldpartial_scratch,DQN-ReLU-Gridworld-135,135,100000,1,8.07,3727.0,0.9866156787762906
34,gridworldpartial_scratch,DQN-ReLU-Gridworld-135,135,100000,2,9.709999999999999,4389.0,0.988527724665392
35,gridworldpartial_scratch,DQN-FTA-Gridworld-105,105,100000,3,8.879999999999999,2707.0,0.9726775956284153
36,gridworldpartial_scratch,DQN-FTA-Gridworld-105,105,100000,0,9.29,2957.0,0.9710144927536232
37,gridworldpartial_scratch,DQN-FTA-Gridworld-105,105,100000,1,8.64,2754.0,0.9886685552407932
38,gridworldpartial_scratch,DQN-FTA-Gridworld-105,105,100000,4,9.14,3072.0,0.9894459102902374
39,gridworldpartial_scratch,DQN-FTA-Gridworld-105,105,100000,2,9.32,2880.0,0.9713467048710601
40,gridworldpartial_scratch,DQN-ReLU-Gridworld-155,155,100000,0,3.86,521.0,0.41911764705882354
41,gridworldpartial_scratch,DQN-ReLU-Gridworld-155,155,100000,3,3.85,503.0,0.296
42,gridworldpartial_scratch,DQN-ReLU-Gridworld-155,155,100000,4,3.67,495.0,0.4142857142857143
43,gridworldpartial_scratch,DQN-ReLU-Gridworld-155,155,100000,1,3.59,467.0,0.3560606060606061
44,gridworldpartial_scratch,DQN-ReLU-Gridworld-155,155,100000,2,5.0200000000000005,766.0,0.36153846153846153
45,gridworldpartial_scratch,DQN-FTA-Gridworld-110,110,100000,3,9.87,5984.0,0.99002849002849
46,gridworldpartial_scratch,DQN-FTA-Gridworld-110,110,100000,0,9.52,5669.0,0.9943502824858758
47,gridworldpartial_scratch,DQN-FTA-Gridworld-110,110,100000,4,9.91,5891.0,0.9873417721518988
48,gridworldpartial_scratch,DQN-FTA-Gridworld-110,110,100000,1,9.25,5683.0,0.9841017488076311
49,gridworldpartial_scratch,DQN-FTA-Gridworld-110,110,100000,2,9.89,6007.0,0.9825174825174825
50,gridworldpartial_scratch,DQN-ReLU-Gridworld-160,160,100000,3,8.520000000000001,3958.0,0.9810246679316889
51,gridworldpartial_scratch,DQN-ReLU-Gridworld-160,160,100000,0,8.110000000000001,3860.0,0.9882583170254403
52,gridworldpartial_scratch,DQN-ReLU-Gridworld-160,160,100000,1,9.15,4404.0,0.992467043314501
53,gridworldpartial_scratch,DQN-ReLU-Gridworld-160,160,100000,4,8.93,4159.0,0.9783889980353635
54,gridworldpartial_scratch,DQN-ReLU-Gridworld-160,160,100000,2,9.010000000000002,4329.0,0.987012987012987
55,gridworldpartial_scratch,DQN-FTA-Gridworld-115,115,100000,3,2.3499999999999996,283.0,0.211864406779661
56,gridworldpartial_scratch,DQN-FTA-Gridworld-115,115,100000,0,2.65,317.0,0.3284671532846715
57,gridworldpartial_scratch,DQN-FTA-Gridworld-115,115,100000,1,2.5700000000000003,313.0,0.3181818181818182
58,gridworldpartial_scratch,DQN-FTA-Gridworld-115,115,100000,4,2.6500000000000004,333.0,0.23577235772357724
59,gridworldpartial_scratch,DQN-FTA-Gridworld-115,115,100000,2,2.62,309.0,0.211864406779661
60,gridworldpartial_scratch,DQN-ReLU-Gridworld-165,165,100000,0,5.83,1034.0,0.6854460093896714
61,gridworldpartial_scratch,DQN-ReLU-Gridworld-165,165,100000,3,6.36,1215.0,0.7104072398190046
62,gridworldpartial_scratch,DQN-ReLU-Gridworld-165,165,100000,1,6.51,1261.0,0.7047619047619048
63,gridworldpartial_scratch,DQN-ReLU-Gridworld-165,165,100000,4,5.12,900.0,0.7115384615384616
64,gridworldpartial_scratch,DQN-ReLU-Gridworld-165,165,100000,2,5.67,1077.0,0.6510416666666666
65,gridworldpartial_scratch,DQN-FTA-Gridworld-120,120,100000,3,9.06,2890.0,0.9864864864864865
66,gridworldpartial_scratch,DQN-FTA-Gridworld-120,120,100000,0,9.3,3068.0,0.9806629834254144
67,gridworldpartial_scratch,DQN-FTA-Gridworld-120,120,100000,4,8.63,2896.0,0.9671232876712329
68,gridworldpartial_scratch,DQN-FTA-Gridworld-120,120,100000,1,8.950000000000001,2954.0,0.967828418230563
69,gridworldpartial_scratch,DQN-FTA-Gridworld-120,120,100000,2,9.29,3096.0,0.9894179894179894
70,gridworldpartial_scratch,DQN-ReLU-Gridworld-170,170,100000,0,3.5999999999999996,471.0,0.3923076923076923
71,gridworldpartial_scratch,DQN-ReLU-Gridworld-170,170,100000,3,4.99,730.0,0.47651006711409394
72,gridworldpartial_scratch,DQN-ReLU-Gridworld-170,170,100000,4,4.8,861.0,0.3533834586466165
73,gridworldpartial_scratch,DQN-ReLU-Gridworld-170,170,100000,1,4.260000000000001,598.0,0.48
74,gridworldpartial_scratch,DQN-ReLU-Gridworld-170,170,100000,2,2.8299999999999996,350.0,0.24369747899159663
75,gridworldpartial_scratch,DQN-FTA-Gridworld-125,125,100000,0,1.11,114.0,0.09174311926605505
76,gridworldpartial_scratch,DQN-FTA-Gridworld-125,125,100000,3,1.18,129.0,0.15789473684210525
77,gridworldpartial_scratch,DQN-FTA-Gridworld-125,125,100000,4,1.11,117.0,0.07547169811320754
78,gridworldpartial_scratch,DQN-FTA-Gridworld-125,125,100000,1,1.29,140.0,0.12612612612612611
79,gridworldpartial_scratch,DQN-FTA-Gridworld-125,125,100000,2,1.1300000000000001,133.0,0.09259259259259259
80,gridworldpartial_scratch,DQN-ReLU-Gridworld-20,20,100000,0,5.08,947.0,0.6456310679611651
81,gridworldpartial_scratch,DQN-ReLU-Gridworld-20,20,100000,3,6.22,1414.0,0.6970954356846473
82,gridworldpartial_scratch,DQN-ReLU-Gridworld-20,20,100000,4,6.86,1459.0,0.6919831223628692
83,gridworldpartial_scratch,DQN-ReLU-Gridworld-20,20,100000,1,5.45,1041.0,0.7431906614785992
84,gridworldpartial_scratch,DQN-ReLU-Gridworld-20,20,100000,2,6.22,1340.0,0.670995670995671
85,gridworldpartial_scratch,DQN-FTA-Gridworld-130,130,100000,3,9.88,5073.0,0.9946808510638298
86,gridworldpartial_scratch,DQN-FTA-Gridworld-130,130,100000,0,9.879999999999999,5050.0,0.9915966386554622
87,gridworldpartial_scratch,DQN-FTA-Gridworld-130,130,100000,4,9.27,5004.0,0.9918831168831169
88,gridworldpartial_scratch,DQN-FTA-Gridworld-130,130,100000,1,9.05,4425.0,0.9842829076620825
89,gridworldpartial_scratch,DQN-FTA-Gridworld-130,130,100000,2,9.9,5175.0,0.9931506849315068
90,gridworldpartial_scratch,DQN-ReLU-Gridworld-25,25,100000,3,6.970000000000001,1683.0,0.73828125
91,gridworldpartial_scratch,DQN-ReLU-Gridworld-25,25,100000,0,6.24,1443.0,0.7
92,gridworldpartial_scratch,DQN-ReLU-Gridworld-25,25,100000,4,6.489999999999999,1460.0,0.6973684210526315
93,gridworldpartial_scratch,DQN-ReLU-Gridworld-25,25,100000,1,6.76,1549.0,0.7276422764227642
94,gridworldpartial_scratch,DQN-ReLU-Gridworld-25,25,100000,2,6.88,1549.0,0.6798245614035088
95,gridworldpartial_scratch,DQN-FTA-Gridworld-135,135,100000,0,9.18,4066.0,0.9860834990059643
96,gridworldpartial_scratch,DQN-FTA-Gridworld-135,135,100000,3,8.940000000000001,3851.0,0.9898373983739838
97,gridworldpartial_scratch,DQN-FTA-Gridworld-135,135,100000,4,8.79,3817.0,0.9858870967741935
98,gridworldpartial_scratch,DQN-FTA-Gridworld-135,135,100000,1,9.02,3966.0,0.9812108559498957
99,gridworldpartial_scratch,DQN-FTA-Gridworld-135,135,100000,2,8.33,3617.0,0.9918367346938776
100,gridworldpartial_scratch,DQN-ReLU-Gridworld-30,30,100000,3,5.93,1315.0,0.7100840336134454
101,gridworldpartial_scratch,DQN-ReLU-Gridworld-30,30,100000,0,6.9399999999999995,1500.0,0.6826086956521739
102,gridworldpartial_scratch,DQN-ReLU-Gridworld-30,30,100000,4,6.9,1456.0,0.6893617021276596
103,gridworldpartial_scratch,DQN-ReLU-Gridworld-30,30,100000,1,6.489999999999999,1446.0,0.6866952789699571
104,gridworldpartial_scratch,DQN-ReLU-Gridworld-30,30,100000,2,7.050000000000001,1755.0,0.7349397590361446
105,gridworldpartial_scratch,DQN-FTA-Gridworld-140,140,100000,3,9.92,5710.0,0.9970544918998527
106,gridworldpartial_scratch,DQN-FTA-Gridworld-140,140,100000,0,9.58,5388.0,0.9904761904761905
107,gridworldpartial_scratch,DQN-FTA-Gridworld-140,140,100000,4,9.860000000000001,5402.0,0.987719298245614
108,gridworldpartial_scratch,DQN-FTA-Gridworld-140,140,100000,1,8.93,4291.0,0.981203007518797
109,gridworldpartial_scratch,DQN-FTA-Gridworld-140,140,100000,2,9.75,5360.0,0.9933884297520661
110,gridworldpartial_scratch,DQN-ReLU-Gridworld-35,35,100000,0,6.68,1302.0,0.6414141414141414
111,gridworldpartial_scratch,DQN-ReLU-Gridworld-35,35,100000,3,6.709999999999999,1344.0,0.7027027027027027
112,gridworldpartial_scratch,DQN-ReLU-Gridworld-35,35,100000,4,6.489999999999999,1234.0,0.6901408450704225
113,gridworldpartial_scratch,DQN-ReLU-Gridworld-35,35,100000,1,6.81,1393.0,0.6585365853658537
114,gridworldpartial_scratch,DQN-ReLU-Gridworld-35,35,100000,2,6.470000000000001,1386.0,0.6568627450980392
115,gridworldpartial_scratch,DQN-FTA-Gridworld-145,145,100000,0,9.35,4645.0,0.9911190053285968
116,gridworldpartial_scratch,DQN-FTA-Gridworld-145,145,100000,3,9.34,4432.0,0.9913344887348353
117,gridworldpartial_scratch,DQN-FTA-Gridworld-145,145,100000,1,9.379999999999999,4718.0,0.9929453262786596
118,gridworldpartial_scratch,DQN-FTA-Gridworld-145,145,100000,4,9.290000000000001,4795.0,0.9896551724137931
119,gridworldpartial_scratch,DQN-FTA-Gridworld-145,145,100000,2,9.47,4861.0,0.9874776386404294
120,gridworldpartial_scratch,DQN-ReLU-Gridworld-40,40,100000,0,9.56,5132.0,0.9839743589743589
121,gridworldpartial_scratch,DQN-ReLU-Gridworld-40,40,100000,3,8.040000000000001,4091.0,0.9787234042553191
122,gridworldpartial_scratch,DQN-ReLU-Gridworld-40,40,100000,1,8.95,4842.0,0.979381443298969
123,gridworldpartial_scratch,DQN-ReLU-Gridworld-40,40,100000,4,9.68,5419.0,0.9921135646687698
124,gridworldpartial_scratch,DQN-ReLU-Gridworld-40,40,100000,2,9.61,5196.0,0.982200647249191
125,gridworldpartial_scratch,DQN-FTA-Gridworld-15,15,100000,3,6.699999999999999,1413.0,0.6869158878504673
126,gridworldpartial_scratch,DQN-FTA-Gridworld-15,15,100000,0,6.58,1403.0,0.7037037037037037
127,gridworldpartial_scratch,DQN-FTA-Gridworld-15,15,100000,4,6.08,1180.0,0.6896551724137931
128,gridworldpartial_scratch,DQN-FTA-Gridworld-15,15,100000,1,6.64,1381.0,0.6828193832599119
129,gridworldpartial_scratch,DQN-FTA-Gridworld-15,15,100000,2,6.82,1449.0,0.7088607594936709
130,gridworldpartial_scratch,DQN-ReLU-Gridworld-45,45,100000,0,9.05,3485.0,0.9453681710213777
131,gridworldpartial_scratch,DQN-ReLU-Gridworld-45,45,100000,3,1.4600000000000002,161.0,0.1111111111111111
132,gridworldpartial_scratch,DQN-ReLU-Gridworld-45,45,100000,4,8.83,3563.0,0.9360189573459715
133,gridworldpartial_scratch,DQN-ReLU-Gridworld-45,45,100000,1,8.8,3316.0,0.9539170506912442
134,gridworldpartial_scratch,DQN-ReLU-Gridworld-45,45,100000,2,8.84,3321.0,0.9393939393939394
135,gridworldpartial_scratch,DQN-FTA-Gridworld-150,150,100000,0,9.17,3824.0,0.9843400447427293
136,gridworldpartial_scratch,DQN-FTA-Gridworld-150,150,100000,3,8.81,3481.0,0.9742388758782201
137,gridworldpartial_scratch,DQN-FTA-Gridworld-150,150,100000,4,7.069999999999999,3026.0,0.9853556485355649
138,gridworldpartial_scratch,DQN-FTA-Gridworld-150,150,100000,1,9.22,3874.0,0.9869281045751634
139,gridworldpartial_scratch,DQN-FTA-Gridworld-150,150,100000,2,9.47,3817.0,0.9868995633187773
140,gridworldpartial_scratch,DQN-ReLU-Gridworld-5,5,100000,3,5.95,1160.0,0.6898148148148148
141,gridworldpartial_scratch,DQN-ReLU-Gridworld-5,5,100000,0,6.92,1601.0,0.7364016736401674
142,gridworldpartial_scratch,DQN-ReLU-Gridworld-5,5,100000,4,6.869999999999999,1476.0,0.6936936936936937
143,gridworldpartial_scratch,DQN-ReLU-Gridworld-5,5,100000,1,6.67,1386.0,0.6729857819905213
144,gridworldpartial_scratch,DQN-ReLU-Gridworld-5,5,100000,2,7.29,1566.0,0.6904761904761905
145,gridworldpartial_scratch,DQN-FTA-Gridworld-155,155,100000,0,4.03,548.0,0.26495726495726496
146,gridworldpartial_scratch,DQN-FTA-Gridworld-155,155,100000,3,4.58,616.0,0.47619047619047616
147,gridworldpartial_scratch,DQN-FTA-Gridworld-155,155,100000,1,4.4799999999999995,593.0,0.4411764705882353
148,gridworldpartial_scratch,DQN-FTA-Gridworld-155,155,100000,4,4.2,555.0,0.4338235294117647
149,gridworldpartial_scratch,DQN-FTA-Gridworld-155,155,100000,2,3.81,502.0,0.48148148148148145
150,gridworldpartial_scratch,DQN-ReLU-Gridworld-50,50,100000,3,1.03,109.0,0.057692307692307696
151,gridworldpartial_scratch,DQN-ReLU-Gridworld-50,50,100000,0,9.9,6578.0,0.9898550724637681
152,gridworldpartial_scratch,DQN-ReLU-Gridworld-50,50,100000,1,8.9,5614.0,0.9846368715083799
153,gridworldpartial_scratch,DQN-ReLU-Gridworld-50,50,100000,4,9.86,6417.0,0.9944521497919556
154,gridworldpartial_scratch,DQN-ReLU-Gridworld-50,50,100000,2,9.45,5909.0,0.984375
155,gridworldpartial_scratch,DQN-FTA-Gridworld-160,160,100000,3,9.290000000000001,4257.0,0.9843444227005871
156,gridworldpartial_scratch,DQN-FTA-Gridworld-160,160,100000,0,9.22,4302.0,0.9903288201160542
157,gridworldpartial_scratch,DQN-FTA-Gridworld-160,160,100000,4,8.55,3986.0,0.9823529411764705
158,gridworldpartial_scratch,DQN-FTA-Gridworld-160,160,100000,1,9.49,4397.0,0.9962546816479401
159,gridworldpartial_scratch,DQN-FTA-Gridworld-160,160,100000,2,9.76,4396.0,0.9844660194174757
160,gridworldpartial_scratch,DQN-ReLU-Gridworld-55,55,100000,0,9.15,5589.0,0.9878419452887538
161,gridworldpartial_scratch,DQN-ReLU-Gridworld-55,55,100000,3,9.77,5825.0,0.9884393063583815
162,gridworldpartial_scratch,DQN-ReLU-Gridworld-55,55,100000,1,9.89,6179.0,0.9912790697674418
163,gridworldpartial_scratch,DQN-ReLU-Gridworld-55,55,100000,4,9.33,5791.0,0.9864864864864865
164,gridworldpartial_scratch,DQN-ReLU-Gridworld-55,55,100000,2,9.85,5868.0,0.9850299401197605
165,gridworldpartial_scratch,DQN-FTA-Gridworld-165,165,100000,0,4.92,708.0,0.5838509316770186
166,gridworldpartial_scratch,DQN-FTA-Gridworld-165,165,100000,3,4.54,668.0,0.48299319727891155
167,gridworldpartial_scratch,DQN-FTA-Gridworld-165,165,100000,4,4.96,791.0,0.6324324324324324
168,gridworldpartial_scratch,DQN-FTA-Gridworld-165,165,100000,1,5.08,771.0,0.5892857142857143
169,gridworldpartial_scratch,DQN-FTA-Gridworld-165,165,100000,2,4.8999999999999995,720.0,0.65
170,gridworldpartial_scratch,DQN-ReLU-Gridworld-60,60,100000,0,8.92,4994.0,0.9890453834115805
171,gridworldpartial_scratch,DQN-ReLU-Gridworld-60,60,100000,3,8.93,5148.0,0.9900497512437811
172,gridworldpartial_scratch,DQN-ReLU-Gridworld-60,60,100000,1,8.08,4318.0,0.988013698630137
173,gridworldpartial_scratch,DQN-ReLU-Gridworld-60,60,100000,4,9.48,5175.0,0.9919614147909968
174,gridworldpartial_scratch,DQN-ReLU-Gridworld-60,60,100000,2,8.879999999999999,4852.0,0.9903846153846154
175,gridworldpartial_scratch,DQN-FTA-Gridworld-170,170,100000,0,5.06,892.0,0.8764044943820225
176,gridworldpartial_scratch,DQN-FTA-Gridworld-170,170,100000,3,3.8,544.0,0.19469026548672566
177,gridworldpartial_scratch,DQN-FTA-Gridworld-170,170,100000,4,4.74,641.0,0.6086956521739131
178,gridworldpartial_scratch,DQN-FTA-Gridworld-170,170,100000,1,4.21,585.0,0.3925925925925926
179,gridworldpartial_scratch,DQN-FTA-Gridworld-170,170,100000,2,3.0200000000000005,409.0,0.7417582417582418
180,gridworldpartial_scratch,DQN-ReLU-Gridworld-65,65,100000,3,9.76,6071.0,0.9940828402366864
181,gridworldpartial_scratch,DQN-ReLU-Gridworld-65,65,100000,0,9.91,6478.0,0.990909090909091
182,gridworldpartial_scratch,DQN-ReLU-Gridworld-65,65,100000,1,9.41,5974.0,0.9869565217391304
183,gridworldpartial_scratch,DQN-ReLU-Gridworld-65,65,100000,4,9.8,6199.0,0.9928774928774928
184,gridworldpartial_scratch,DQN-ReLU-Gridworld-65,65,100000,2,9.49,6093.0,0.992548435171386
185,gridworldpartial_scratch,DQN-FTA-Gridworld-20,20,100000,3,6.640000000000001,1455.0,0.7071129707112971
186,gridworldpartial_scratch,DQN-FTA-Gridworld-20,20,100000,0,7.1499999999999995,1526.0,0.7124463519313304
187,gridworldpartial_scratch,DQN-FTA-Gridworld-20,20,100000,4,6.85,1452.0,0.6682242990654206
188,gridworldpartial_scratch,DQN-FTA-Gridworld-20,20,100000,1,7.04,1492.0,0.6798245614035088
189,gridworldpartial_scratch,DQN-FTA-Gridworld-20,20,100000,2,7.029999999999999,1489.0,0.6509433962264151
190,gridworldpartial_scratch,DQN-ReLU-Gridworld-70,70,100000,0,9.9,6750.0,0.9922480620155039
191,gridworldpartial_scratch,DQN-ReLU-Gridworld-70,70,100000,3,9.85,6890.0,0.9868766404199475
192,gridworldpartial_scratch,DQN-ReLU-Gridworld-70,70,100000,1,9.6,6340.0,0.9819193324061196
193,gridworldpartial_scratch,DQN-ReLU-Gridworld-70,70,100000,4,9.92,7043.0,0.9935233160621761
194,gridworldpartial_scratch,DQN-ReLU-Gridworld-70,70,100000,2,9.91,7062.0,0.990979381443299
195,gridworldpartial_scratch,DQN-FTA-Gridworld-25,25,100000,3,7.029999999999999,1463.0,0.6880733944954128
196,gridworldpartial_scratch,DQN-FTA-Gridworld-25,25,100000,0,6.819999999999999,1479.0,0.7068965517241379
197,gridworldpartial_scratch,DQN-FTA-Gridworld-25,25,100000,1,6.81,1434.0,0.6744186046511628
198,gridworldpartial_scratch,DQN-FTA-Gridworld-25,25,100000,4,6.739999999999999,1370.0,0.7217391304347827
199,gridworldpartial_scratch,DQN-FTA-Gridworld-25,25,100000,2,6.62,1374.0,0.6650717703349283
200,gridworldpartial_scratch,DQN-ReLU-Gridworld-75,75,100000,3,9.88,5276.0,0.9916247906197655
201,gridworldpartial_scratch,DQN-ReLU-Gridworld-75,75,100000,0,9.66,5011.0,0.993322203672788
202,gridworldpartial_scratch,DQN-ReLU-Gridworld-75,75,100000,1,8.96,4522.0,0.9927140255009107
203,gridworldpartial_scratch,DQN-ReLU-Gridworld-75,75,100000,4,9.21,4971.0,0.9919224555735057
204,gridworldpartial_scratch,DQN-ReLU-Gridworld-75,75,100000,2,8.290000000000001,4573.0,0.9844020797227037
205,gridworldpartial_scratch,DQN-FTA-Gridworld-30,30,100000,3,6.84,1402.0,0.7012987012987013
206,gridworldpartial_scratch,DQN-FTA-Gridworld-30,30,100000,0,6.779999999999999,1394.0,0.7142857142857143
207,gridworldpartial_scratch,DQN-FTA-Gridworld-30,30,100000,1,6.499999999999999,1354.0,0.6745283018867925
208,gridworldpartial_scratch,DQN-FTA-Gridworld-30,30,100000,4,6.5600000000000005,1381.0,0.6346153846153846
209,gridworldpartial_scratch,DQN-FTA-Gridworld-30,30,100000,2,7.02,1471.0,0.6568627450980392
210,gridworldpartial_scratch,DQN-ReLU-Gridworld-80,80,100000,3,9.92,6132.0,0.9923547400611621
211,gridworldpartial_scratch,DQN-ReLU-Gridworld-80,80,100000,0,9.91,6090.0,0.9936708860759493
212,gridworldpartial_scratch,DQN-ReLU-Gridworld-80,80,100000,1,9.270000000000001,5556.0,0.9850968703427719
213,gridworldpartial_scratch,DQN-ReLU-Gridworld-80,80,100000,4,9.91,6261.0,0.9958391123439667
214,gridworldpartial_scratch,DQN-ReLU-Gridworld-80,80,100000,2,9.940000000000001,6265.0,0.9908536585365854
215,gridworldpartial_scratch,DQN-FTA-Gridworld-35,35,100000,3,7.03,1387.0,0.6952380952380952
216,gridworldpartial_scratch,DQN-FTA-Gridworld-35,35,100000,0,6.13,1265.0,0.6268656716417911
217,gridworldpartial_scratch,DQN-FTA-Gridworld-35,35,100000,1,6.42,1287.0,0.66
218,gridworldpartial_scratch,DQN-FTA-Gridworld-35,35,100000,4,6.6,1313.0,0.6898148148148148
219,gridworldpartial_scratch,DQN-FTA-Gridworld-35,35,100000,2,6.65,1346.0,0.6551724137931034
220,gridworldpartial_scratch,DQN-ReLU-Gridworld-85,85,100000,3,4.91,927.0,0.6490384615384616
221,gridworldpartial_scratch,DQN-ReLU-Gridworld-85,85,100000,0,4.26,796.0,0.32608695652173914
222,gridworldpartial_scratch,DQN-ReLU-Gridworld-85,85,100000,1,1.28,144.0,0.21951219512195122
223,gridworldpartial_scratch,DQN-ReLU-Gridworld-85,85,100000,4,3.05,391.0,0.2846153846153846
224,gridworldpartial_scratch,DQN-ReLU-Gridworld-85,85,100000,2,2.24,275.0,0.25
225,gridworldpartial_scratch,DQN-FTA-Gridworld-40,40,100000,3,9.79,4801.0,0.9697508896797153
226,gridworldpartial_scratch,DQN-FTA-Gridworld-40,40,100000,0,9.489999999999998,4665.0,0.9760479041916168
227,gridworldpartial_scratch,DQN-FTA-Gridworld-40,40,100000,1,9.629999999999999,4809.0,0.9773584905660377
228,gridworldpartial_scratch,DQN-FTA-Gridworld-40,40,100000,4,9.530000000000001,4738.0,0.9775086505190311
229,gridworldpartial_scratch,DQN-FTA-Gridworld-40,40,100000,2,9.44,4555.0,0.9728682170542635
230,gridworldpartial_scratch,DQN-ReLU-Gridworld-90,90,100000,3,9.91,6258.0,0.9916317991631799
231,gridworldpartial_scratch,DQN-ReLU-Gridworld-90,90,100000,0,9.85,6279.0,0.9862174578866769
232,gridworldpartial_scratch,DQN-ReLU-Gridworld-90,90,100000,1,9.180000000000001,5939.0,0.9874651810584958
233,gridworldpartial_scratch,DQN-ReLU-Gridworld-90,90,100000,4,9.89,6131.0,0.98989898989899
234,gridworldpartial_scratch,DQN-ReLU-Gridworld-90,90,100000,2,9.9,6307.0,0.9884057971014493
235,gridworldpartial_scratch,DQN-FTA-Gridworld-45,45,100000,3,9.090000000000002,3095.0,0.9504950495049505
236,gridworldpartial_scratch,DQN-FTA-Gridworld-45,45,100000,0,9.23,3394.0,0.9385749385749386
237,gridworldpartial_scratch,DQN-FTA-Gridworld-45,45,100000,1,8.87,3184.0,0.9381188118811881
238,gridworldpartial_scratch,DQN-FTA-Gridworld-45,45,100000,4,8.24,3123.0,0.925
239,gridworldpartial_scratch,DQN-FTA-Gridworld-45,45,100000,2,8.77,3014.0,0.9232613908872902
240,gridworldpartial_scratch,DQN-ReLU-Gridworld-95,95,100000,0,9.85,4831.0,0.9889908256880734
241,gridworldpartial_scratch,DQN-ReLU-Gridworld-95,95,100000,3,9.85,4938.0,0.9908759124087592
242,gridworldpartial_scratch,DQN-ReLU-Gridworld-95,95,100000,1,8.93,4337.0,0.9945155393053017
243,gridworldpartial_scratch,DQN-ReLU-Gridworld-95,95,100000,4,9.790000000000001,4972.0,0.9857651245551602
244,gridworldpartial_scratch,DQN-ReLU-Gridworld-95,95,100000,2,9.95,5045.0,0.9929824561403509
245,gridworldpartial_scratch,DQN-FTA-Gridworld-5,5,100000,3,6.36,1275.0,0.6878048780487804
246,gridworldpartial_scratch,DQN-FTA-Gridworld-5,5,100000,0,6.7,1329.0,0.6616161616161617
247,gridworldpartial_scratch,DQN-FTA-Gridworld-5,5,100000,4,6.4399999999999995,1213.0,0.7129629629629629
248,gridworldpartial_scratch,DQN-FTA-Gridworld-5,5,100000,1,6.4799999999999995,1290.0,0.6933962264150944
249,gridworldpartial_scratch,DQN-FTA-Gridworld-5,5,100000,2,6.19,1305.0,0.7033492822966507
250,gridworldpartial_scratch,DRQN-FTA-Gridworld-0,0,100000,3,6.199999999999999,1793.0,1.0
251,gridworldpartial_scratch,DRQN-FTA-Gridworld-0,0,100000,0,7.3,2337.0,1.0
252,gridworldpartial_scratch,DRQN-FTA-Gridworld-0,0,100000,4,6.18,2028.0,1.0
253,gridworldpartial_scratch,DRQN-FTA-Gridworld-0,0,100000,1,8.15,2656.0,0.9923469387755102
254,gridworldpartial_scratch,DRQN-FTA-Gridworld-0,0,100000,2,7.96,2653.0,1.0
255,gridworldpartial_scratch,DQN-FTA-Gridworld-50,50,100000,0,9.85,6282.0,0.9930167597765364
256,gridworldpartial_scratch,DQN-FTA-Gridworld-50,50,100000,3,9.26,5887.0,0.9972489683631361
257,gridworldpartial_scratch,DQN-FTA-Gridworld-50,50,100000,4,9.86,6452.0,0.9930651872399445
258,gridworldpartial_scratch,DQN-FTA-Gridworld-50,50,100000,1,9.62,6208.0,0.9958847736625515
259,gridworldpartial_scratch,DQN-FTA-Gridworld-50,50,100000,2,9.690000000000001,5975.0,0.9930167597765364
260,gridworldpartial_scratch,DRQN-FTA-Gridworld-10,10,100000,3,8.07,2776.0,0.9976580796252927
261,gridworldpartial_scratch,DRQN-FTA-Gridworld-10,10,100000,0,8.56,2855.0,1.0
262,gridworldpartial_scratch,DRQN-FTA-Gridworld-10,10,100000,4,7.86,2630.0,0.9952718676122931
263,gridworldpartial_scratch,DRQN-FTA-Gridworld-10,10,100000,1,7.91,2668.0,1.0
264,gridworldpartial_scratch,DRQN-FTA-Gridworld-10,10,100000,2,8.25,2714.0,0.9951219512195122
265,gridworldpartial_scratch,DQN-FTA-Gridworld-55,55,100000,3,9.52,5332.0,0.9844020797227037
266,gridworldpartial_scratch,DQN-FTA-Gridworld-55,55,100000,0,9.36,5355.0,0.9860031104199067
267,gridworldpartial_scratch,DQN-FTA-Gridworld-55,55,100000,1,9.73,5237.0,0.9855072463768116
268,gridworldpartial_scratch,DQN-FTA-Gridworld-55,55,100000,4,9.84,5731.0,0.9879518072289156
269,gridworldpartial_scratch,DQN-FTA-Gridworld-55,55,100000,2,9.85,5538.0,0.9868852459016394
270,gridworldpartial_scratch,DRQN-FTA-Gridworld-100,100,100000,3,7.4399999999999995,2881.0,0.9845132743362832
271,gridworldpartial_scratch,DRQN-FTA-Gridworld-100,100,100000,0,8.77,3478.0,1.0
272,gridworldpartial_scratch,DRQN-FTA-Gridworld-100,100,100000,1,8.03,2713.0,0.9769820971867008
273,gridworldpartial_scratch,DRQN-FTA-Gridworld-100,100,100000,4,9.22,3689.0,0.9977827050997783
274,gridworldpartial_scratch,DRQN-FTA-Gridworld-100,100,100000,2,7.890000000000001,2820.0,0.9976905311778291
275,gridworldpartial_scratch,DQN-FTA-Gridworld-60,60,100000,0,9.07,5014.0,0.986644407345576
276,gridworldpartial_scratch,DQN-FTA-Gridworld-60,60,100000,3,6.09,2019.0,0.9811676082862524
277,gridworldpartial_scratch,DQN-FTA-Gridworld-60,60,100000,4,9.43,5199.0,0.9917627677100495
278,gridworldpartial_scratch,DQN-FTA-Gridworld-60,60,100000,1,9.23,4814.0,0.9880341880341881
279,gridworldpartial_scratch,DQN-FTA-Gridworld-60,60,100000,2,8.99,4800.0,0.9901477832512315
280,gridworldpartial_scratch,DRQN-FTA-Gridworld-105,105,100000,0,9.16,3744.0,0.9938650306748467
281,gridworldpartial_scratch,DRQN-FTA-Gridworld-105,105,100000,3,8.9,3604.0,1.0
282,gridworldpartial_scratch,DRQN-FTA-Gridworld-105,105,100000,1,9.14,3637.0,0.997867803837953
283,gridworldpartial_scratch,DRQN-FTA-Gridworld-105,105,100000,4,8.879999999999999,3528.0,0.9979035639412998
284,gridworldpartial_scratch,DRQN-FTA-Gridworld-105,105,100000,2,9.27,3715.0,1.0
285,gridworldpartial_scratch,DQN-FTA-Gridworld-65,65,100000,3,9.36,5805.0,0.9864457831325302
286,gridworldpartial_scratch,DQN-FTA-Gridworld-65,65,100000,0,9.93,5993.0,0.9861538461538462
287,gridworldpartial_scratch,DQN-FTA-Gridworld-65,65,100000,1,9.95,5830.0,0.9914407988587732
288,gridworldpartial_scratch,DQN-FTA-Gridworld-65,65,100000,4,9.88,5974.0,0.98125
289,gridworldpartial_scratch,DQN-FTA-Gridworld-65,65,100000,2,9.110000000000001,5868.0,0.9882869692532943
290,gridworldpartial_scratch,DRQN-FTA-Gridworld-110,110,100000,0,9.54,7128.0,1.0
291,gridworldpartial_scratch,DRQN-FTA-Gridworld-110,110,100000,3,9.57,7038.0,1.0
292,gridworldpartial_scratch,DRQN-FTA-Gridworld-110,110,100000,1,9.3,7102.0,1.0
293,gridworldpartial_scratch,DRQN-FTA-Gridworld-110,110,100000,4,8.82,6603.0,1.0
294,gridworldpartial_scratch,DRQN-FTA-Gridworld-110,110,100000,2,9.74,6977.0,1.0
295,gridworldpartial_scratch,DQN-FTA-Gridworld-70,70,100000,0,9.89,6693.0,0.9893048128342246
296,gridworldpartial_scratch,DQN-FTA-Gridworld-70,70,100000,3,9.9,6454.0,0.9919893190921228
297,gridworldpartial_scratch,DQN-FTA-Gridworld-70,70,100000,4,9.520000000000001,6545.0,0.9892328398384926
298,gridworldpartial_scratch,DQN-FTA-Gridworld-70,70,100000,1,9.290000000000001,6527.0,0.9946879150066401
299,gridworldpartial_scratch,DQN-FTA-Gridworld-70,70,100000,2,9.91,6688.0,0.9909326424870466
300,gridworldpartial_scratch,DRQN-FTA-Gridworld-115,115,100000,3,7.33,2638.0,1.0
301,gridworldpartial_scratch,DRQN-FTA-Gridworld-115,115,100000,0,9.15,3318.0,0.9976359338061466
302,gridworldpartial_scratch,DRQN-FTA-Gridworld-115,115,100000,1,8.48,3142.0,1.0
303,gridworldpartial_scratch,DRQN-FTA-Gridworld-115,115,100000,4,8.36,3055.0,1.0
304,gridworldpartial_scratch,DRQN-FTA-Gridworld-115,115,100000,2,9.15,3167.0,0.9975186104218362
305,gridworldpartial_scratch,DQN-FTA-Gridworld-75,75,100000,3,9.06,4666.0,0.9929701230228472
306,gridworldpartial_scratch,DQN-FTA-Gridworld-75,75,100000,0,9.91,5008.0,0.9896729776247849
307,gridworldpartial_scratch,DQN-FTA-Gridworld-75,75,100000,1,9.11,4685.0,0.9873646209386282
308,gridworldpartial_scratch,DQN-FTA-Gridworld-75,75,100000,4,9.01,4803.0,0.9949152542372881
309,gridworldpartial_scratch,DQN-FTA-Gridworld-75,75,100000,2,9.25,4898.0,0.9917355371900827
310,gridworldpartial_scratch,DRQN-FTA-Gridworld-120,120,100000,3,9.34,3544.0,0.9881516587677726
311,gridworldpartial_scratch,DRQN-FTA-Gridworld-120,120,100000,0,9.15,3594.0,0.9857142857142858
312,gridworldpartial_scratch,DRQN-FTA-Gridworld-120,120,100000,1,9.34,3645.0,1.0
313,gridworldpartial_scratch,DRQN-FTA-Gridworld-120,120,100000,4,9.64,3914.0,0.9930394431554525
314,gridworldpartial_scratch,DRQN-FTA-Gridworld-120,120,100000,2,8.52,3204.0,0.9930232558139535
315,gridworldpartial_scratch,DQN-FTA-Gridworld-80,80,100000,3,9.89,5923.0,0.996969696969697
316,gridworldpartial_scratch,DQN-FTA-Gridworld-80,80,100000,0,9.950000000000001,5899.0,0.9860248447204969
317,gridworldpartial_scratch,DQN-FTA-Gridworld-80,80,100000,1,9.86,5725.0,0.9906832298136646
318,gridworldpartial_scratch,DQN-FTA-Gridworld-80,80,100000,4,9.93,6022.0,0.982200647249191
319,gridworldpartial_scratch,DQN-FTA-Gridworld-80,80,100000,2,9.9,5945.0,0.9922839506172839
320,gridworldpartial_scratch,DRQN-FTA-Gridworld-125,125,100000,3,8.54,3608.0,1.0
321,gridworldpartial_scratch,DRQN-FTA-Gridworld-125,125,100000,0,8.67,3918.0,1.0
322,gridworldpartial_scratch,DRQN-FTA-Gridworld-125,125,100000,4,5.659999999999999,1487.0,0.9861111111111112
323,gridworldpartial_scratch,DRQN-FTA-Gridworld-125,125,100000,1,8.16,3042.0,0.964824120603015
324,gridworldpartial_scratch,DRQN-FTA-Gridworld-125,125,100000,2,8.120000000000001,3374.0,0.9942196531791907
325,gridworldpartial_scratch,DQN-FTA-Gridworld-85,85,100000,3,2.22,271.0,0.1896551724137931
326,gridworldpartial_scratch,DQN-FTA-Gridworld-85,85,100000,0,2.41,319.0,0.2619047619047619
327,gridworldpartial_scratch,DQN-FTA-Gridworld-85,85,100000,1,2.3,298.0,0.3037037037037037
328,gridworldpartial_scratch,DQN-FTA-Gridworld-85,85,100000,4,2.650000000000001,340.0,0.25396825396825395
329,gridworldpartial_scratch,DQN-FTA-Gridworld-85,85,100000,2,2.55,311.0,0.25
330,gridworldpartial_scratch,DRQN-FTA-Gridworld-130,130,100000,3,9.690000000000001,5422.0,1.0
331,gridworldpartial_scratch,DRQN-FTA-Gridworld-130,130,100000,0,9.42,5471.0,1.0
332,gridworldpartial_scratch,DRQN-FTA-Gridworld-130,130,100000,1,9.6,5410.0,1.0
333,gridworldpartial_scratch,DRQN-FTA-Gridworld-130,130,100000,4,9.16,5547.0,0.9984202211690363
334,gridworldpartial_scratch,DRQN-FTA-Gridworld-130,130,100000,2,9.65,5414.0,1.0
335,gridworldpartial_scratch,DQN-FTA-Gridworld-90,90,100000,3,9.719999999999999,5946.0,0.9986225895316805
336,gridworldpartial_scratch,DQN-FTA-Gridworld-90,90,100000,0,9.440000000000001,5961.0,0.997229916897507
337,gridworldpartial_scratch,DQN-FTA-Gridworld-90,90,100000,4,9.15,5833.0,0.9957386363636364
338,gridworldpartial_scratch,DQN-FTA-Gridworld-90,90,100000,1,9.19,5701.0,0.9863842662632375
339,gridworldpartial_scratch,DQN-FTA-Gridworld-90,90,100000,2,9.85,5998.0,0.9957567185289957
340,gridworldpartial_scratch,DRQN-FTA-Gridworld-135,135,100000,0,9.09,4643.0,1.0
341,gridworldpartial_scratch,DRQN-FTA-Gridworld-135,135,100000,3,8.99,4517.0,1.0
342,gridworldpartial_scratch,DRQN-FTA-Gridworld-135,135,100000,1,8.530000000000001,4278.0,1.0
343,gridworldpartial_scratch,DRQN-FTA-Gridworld-135,135,100000,4,9.39,5016.0,1.0
344,gridworldpartial_scratch,DRQN-FTA-Gridworld-135,135,100000,2,8.780000000000001,4249.0,1.0
345,gridworldpartial_scratch,DQN-FTA-Gridworld-95,95,100000,3,9.69,4643.0,0.9844660194174757
346,gridworldpartial_scratch,DQN-FTA-Gridworld-95,95,100000,0,9.76,4720.0,0.9909255898366606
347,gridworldpartial_scratch,DQN-FTA-Gridworld-95,95,100000,4,9.23,4765.0,0.993103448275862
348,gridworldpartial_scratch,DQN-FTA-Gridworld-95,95,100000,1,9.92,4686.0,0.9907063197026023
349,gridworldpartial_scratch,DQN-FTA-Gridworld-95,95,100000,2,9.2,4594.0,0.9930675909878682
350,gridworldpartial_scratch,DRQN-FTA-Gridworld-140,140,100000,0,9.5,6391.0,1.0
351,gridworldpartial_scratch,DRQN-FTA-Gridworld-140,140,100000,3,9.55,6159.0,1.0
352,gridworldpartial_scratch,DRQN-FTA-Gridworld-140,140,100000,1,9.129999999999999,6244.0,1.0
353,gridworldpartial_scratch,DRQN-FTA-Gridworld-140,140,100000,4,9.33,6223.0,1.0
354,gridworldpartial_scratch,DRQN-FTA-Gridworld-140,140,100000,2,9.5,6369.0,1.0
355,gridworldpartial_scratch,DQN-ReLU-Gridworld-0,0,100000,3,5.31,1044.0,0.7083333333333334
356,gridworldpartial_scratch,DQN-ReLU-Gridworld-0,0,100000,0,6.31,1263.0,0.7109004739336493
357,gridworldpartial_scratch,DQN-ReLU-Gridworld-0,0,100000,1,5.55,1047.0,0.6981132075471698
358,gridworldpartial_scratch,DQN-ReLU-Gridworld-0,0,100000,4,6.290000000000001,1277.0,0.7142857142857143
359,gridworldpartial_scratch,DQN-ReLU-Gridworld-0,0,100000,2,6.6000000000000005,1338.0,0.6798029556650246
360,gridworldpartial_scratch,DRQN-FTA-Gridworld-145,145,100000,3,9.17,5300.0,1.0
361,gridworldpartial_scratch,DRQN-FTA-Gridworld-145,145,100000,0,9.27,5367.0,0.9985250737463127
362,gridworldpartial_scratch,DRQN-FTA-Gridworld-145,145,100000,4,7.75,3386.0,0.9985272459499264
363,gridworldpartial_scratch,DRQN-FTA-Gridworld-145,145,100000,1,9.55,5470.0,0.9984276729559748
364,gridworldpartial_scratch,DRQN-FTA-Gridworld-145,145,100000,2,9.35,5498.0,1.0
365,gridworldpartial_scratch,DQN-ReLU-Gridworld-10,10,100000,3,5.659999999999999,1191.0,0.6682926829268293
366,gridworldpartial_scratch,DQN-ReLU-Gridworld-10,10,100000,0,5.8999999999999995,1232.0,0.6761904761904762
367,gridworldpartial_scratch,DQN-ReLU-Gridworld-10,10,100000,1,6.949999999999999,1500.0,0.7336244541484717
368,gridworldpartial_scratch,DQN-ReLU-Gridworld-10,10,100000,4,6.329999999999999,1312.0,0.6857142857142857
369,gridworldpartial_scratch,DQN-ReLU-Gridworld-10,10,100000,2,5.49,1080.0,0.6948356807511737
370,gridworldpartial_scratch,DRQN-FTA-Gridworld-15,15,100000,0,6.51,2208.0,0.9961977186311787
371,gridworldpartial_scratch,DRQN-FTA-Gridworld-15,15,100000,3,9.06,4075.0,0.9923371647509579
372,gridworldpartial_scratch,DRQN-FTA-Gridworld-15,15,100000,1,8.62,3539.0,1.0
373,gridworldpartial_scratch,DRQN-FTA-Gridworld-15,15,100000,4,8.46,3415.0,0.9764453961456103
374,gridworldpartial_scratch,DRQN-FTA-Gridworld-15,15,100000,2,8.39,3201.0,0.9964912280701754
375,gridworldpartial_scratch,DQN-ReLU-Gridworld-100,100,100000,0,4.13,728.0,0.3088235294117647
376,gridworldpartial_scratch,DQN-ReLU-Gridworld-100,100,100000,3,2.76,355.0,0.32857142857142857
377,gridworldpartial_scratch,DQN-ReLU-Gridworld-100,100,100000,4,2.89,385.0,0.2677165354330709
378,gridworldpartial_scratch,DQN-ReLU-Gridworld-100,100,100000,1,2.46,318.0,0.2803030303030303
379,gridworldpartial_scratch,DQN-ReLU-Gridworld-100,100,100000,2,3.1500000000000004,423.0,0.2692307692307692
380,gridworldpartial_scratch,DRQN-FTA-Gridworld-150,150,100000,0,8.370000000000001,3880.0,1.0
381,gridworldpartial_scratch,DRQN-FTA-Gridworld-150,150,100000,3,8.85,4240.0,0.9982668977469671
382,gridworldpartial_scratch,DRQN-FTA-Gridworld-150,150,100000,1,8.629999999999999,4089.0,1.0
383,gridworldpartial_scratch,DRQN-FTA-Gridworld-150,150,100000,4,8.39,3896.0,0.9981684981684982
384,gridworldpartial_scratch,DRQN-FTA-Gridworld-150,150,100000,2,8.7,3812.0,0.9962264150943396
385,gridworldpartial_scratch,DQN-ReLU-Gridworld-105,105,100000,0,9.6,3252.0,0.9680232558139535
386,gridworldpartial_scratch,DQN-ReLU-Gridworld-105,105,100000,3,8.48,2847.0,0.9899749373433584
387,gridworldpartial_scratch,DQN-ReLU-Gridworld-105,105,100000,1,7.970000000000001,2600.0,0.9782608695652174
388,gridworldpartial_scratch,DQN-ReLU-Gridworld-105,105,100000,4,9.579999999999998,3323.0,0.9742857142857143
389,gridworldpartial_scratch,DQN-ReLU-Gridworld-105,105,100000,2,9.13,3092.0,0.9696969696969697
390,gridworldpartial_scratch,DRQN-FTA-Gridworld-155,155,100000,3,7.99,2863.0,0.9854721549636803
391,gridworldpartial_scratch,DRQN-FTA-Gridworld-155,155,100000,0,8.48,3452.0,1.0
392,gridworldpartial_scratch,DRQN-FTA-Gridworld-155,155,100000,1,8.85,3570.0,0.9936440677966102
393,gridworldpartial_scratch,DRQN-FTA-Gridworld-155,155,100000,4,3.71,563.0,0.782608695652174
394,gridworldpartial_scratch,DRQN-FTA-Gridworld-155,155,100000,2,8.36,3130.0,0.9978494623655914
395,gridworldpartial_scratch,DQN-ReLU-Gridworld-110,110,100000,0,9.83,6060.0,0.9873015873015873
396,gridworldpartial_scratch,DQN-ReLU-Gridworld-110,110,100000,3,9.89,6296.0,0.9803625377643505
397,gridworldpartial_scratch,DQN-ReLU-Gridworld-110,110,100000,1,9.84,6151.0,0.9945205479452055
398,gridworldpartial_scratch,DQN-ReLU-Gridworld-110,110,100000,4,9.05,5875.0,0.9916317991631799
399,gridworldpartial_scratch,DQN-ReLU-Gridworld-110,110,100000,2,9.91,6528.0,0.9914772727272727
400,gridworldpartial_scratch,DRQN-FTA-Gridworld-160,160,100000,3,8.46,4482.0,1.0
401,gridworldpartial_scratch,DRQN-FTA-Gridworld-160,160,100000,0,9.24,4999.0,1.0
402,gridworldpartial_scratch,DRQN-FTA-Gridworld-160,160,100000,1,8.719999999999999,4746.0,1.0
403,gridworldpartial_scratch,DRQN-FTA-Gridworld-160,160,100000,4,8.89,4993.0,0.9984276729559748
404,gridworldpartial_scratch,DRQN-FTA-Gridworld-160,160,100000,2,9.35,5185.0,0.9984709480122325
405,gridworldpartial_scratch,DQN-ReLU-Gridworld-115,115,100000,0,3.42,509.0,0.25396825396825395
406,gridworldpartial_scratch,DQN-ReLU-Gridworld-115,115,100000,3,2.56,306.0,0.27049180327868855
407,gridworldpartial_scratch,DQN-ReLU-Gridworld-115,115,100000,4,2.62,333.0,0.25984251968503935
408,gridworldpartial_scratch,DQN-ReLU-Gridworld-115,115,100000,1,2.8400000000000003,381.0,0.25396825396825395
409,gridworldpartial_scratch,DQN-ReLU-Gridworld-115,115,100000,2,6.36,1253.0,0.6746411483253588
410,gridworldpartial_scratch,DQN-ReLU-Gridworld-140,140,100000,3,9.42,5429.0,0.995475113122172
411,gridworldpartial_scratch,DQN-ReLU-Gridworld-140,140,100000,0,9.45,5388.0,0.9880952380952381
412,gridworldpartial_scratch,DQN-ReLU-Gridworld-140,140,100000,1,9.68,5659.0,0.9924812030075187
413,gridworldpartial_scratch,DQN-ReLU-Gridworld-140,140,100000,4,9.56,5437.0,0.9906832298136646
414,gridworldpartial_scratch,DQN-ReLU-Gridworld-140,140,100000,2,9.81,5627.0,0.9876923076923076
415,gridworldpartial_scratch,DRQN-FTA-Gridworld-165,165,100000,0,9.0,3992.0,1.0
416,gridworldpartial_scratch,DRQN-FTA-Gridworld-165,165,100000,3,8.25,3484.0,1.0
417,gridworldpartial_scratch,DRQN-FTA-Gridworld-165,165,100000,1,9.03,3963.0,1.0
418,gridworldpartial_scratch,DRQN-FTA-Gridworld-165,165,100000,4,8.49,3773.0,1.0
419,gridworldpartial_scratch,DRQN-FTA-Gridworld-165,165,100000,2,9.24,4100.0,1.0
420,gridworldpartial_scratch,DQN-ReLU-Gridworld-145,145,100000,3,9.709999999999999,5225.0,0.989778534923339
421,gridworldpartial_scratch,DQN-ReLU-Gridworld-145,145,100000,0,9.28,4793.0,0.9875444839857651
422,gridworldpartial_scratch,DQN-ReLU-Gridworld-145,145,100000,4,8.129999999999999,4138.0,0.9833641404805915
423,gridworldpartial_scratch,DQN-ReLU-Gridworld-145,145,100000,1,9.39,4983.0,0.9831365935919055
424,gridworldpartial_scratch,DQN-ReLU-Gridworld-145,145,100000,2,9.12,4801.0,0.9911504424778761
425,gridworldpartial_scratch,DRQN-FTA-Gridworld-170,170,100000,0,8.97,3572.0,0.9978070175438597
426,gridworldpartial_scratch,DRQN-FTA-Gridworld-170,170,100000,3,8.879999999999999,3432.0,1.0
427,gridworldpartial_scratch,DRQN-FTA-Gridworld-170,170,100000,1,8.77,3685.0,0.9959514170040485
428,gridworldpartial_scratch,DRQN-FTA-Gridworld-170,170,100000,4,7.97,3317.0,1.0
429,gridworldpartial_scratch,DRQN-FTA-Gridworld-170,170,100000,2,8.88,3391.0,0.9957446808510638
430,gridworldpartial_scratch,DQN-ReLU-Gridworld-15,15,100000,0,5.949999999999999,1208.0,0.6744186046511628
431,gridworldpartial_scratch,DQN-ReLU-Gridworld-15,15,100000,3,7.15,1564.0,0.6864406779661016
432,gridworldpartial_scratch,DQN-ReLU-Gridworld-15,15,100000,4,7.07,1539.0,0.7184873949579832
433,gridworldpartial_scratch,DQN-ReLU-Gridworld-15,15,100000,1,6.130000000000001,1271.0,0.6621004566210046
434,gridworldpartial_scratch,DQN-ReLU-Gridworld-15,15,100000,2,6.46,1527.0,0.6768558951965066
435,gridworldpartial_scratch,DRQN-FTA-Gridworld-20,20,100000,3,8.969999999999999,4580.0,1.0
436,gridworldpartial_scratch,DRQN-FTA-Gridworld-20,20,100000,0,9.040000000000001,4566.0,0.9984615384615385
437,gridworldpartial_scratch,DRQN-FTA-Gridworld-20,20,100000,1,9.219999999999999,4963.0,1.0
438,gridworldpartial_scratch,DRQN-FTA-Gridworld-20,20,100000,4,8.42,4644.0,0.9985401459854014
439,gridworldpartial_scratch,DRQN-FTA-Gridworld-20,20,100000,2,8.94,4593.0,1.0
440,gridworldpartial_scratch,DQN-ReLU-Gridworld-150,150,100000,0,9.23,3855.0,0.9875518672199171
441,gridworldpartial_scratch,DQN-ReLU-Gridworld-150,150,100000,3,8.02,3050.0,0.9821029082774049
442,gridworldpartial_scratch,DQN-ReLU-Gridworld-150,150,100000,1,9.68,4088.0,0.9916666666666667
443,gridworldpartial_scratch,DQN-ReLU-Gridworld-150,150,100000,4,9.15,4020.0,0.9801762114537445
444,gridworldpartial_scratch,DQN-ReLU-Gridworld-150,150,100000,2,9.44,3981.0,0.9758771929824561
445,gridworldpartial_scratch,DRQN-FTA-Gridworld-25,25,100000,0,6.459999999999999,1836.0,0.9777777777777777
446,gridworldpartial_scratch,DRQN-FTA-Gridworld-25,25,100000,3,8.54,3648.0,0.9980916030534351
447,gridworldpartial_scratch,DRQN-FTA-Gridworld-25,25,100000,4,9.33,3944.0,0.9962962962962963
448,gridworldpartial_scratch,DRQN-FTA-Gridworld-25,25,100000,1,8.89,4089.0,0.9981515711645101
449,gridworldpartial_scratch,DRQN-FTA-Gridworld-25,25,100000,2,9.34,4007.0,0.9982300884955753
450,gridworldpartial_scratch,DRQN-FTA-Gridworld-30,30,100000,3,9.08,4362.0,0.9946140035906643
451,gridworldpartial_scratch,DRQN-FTA-Gridworld-30,30,100000,0,9.190000000000001,4186.0,0.9982142857142857
452,gridworldpartial_scratch,DRQN-FTA-Gridworld-30,30,100000,1,7.46,2741.0,0.9963570127504554
453,gridworldpartial_scratch,DRQN-FTA-Gridworld-30,30,100000,4,8.86,4373.0,1.0
454,gridworldpartial_scratch,DRQN-FTA-Gridworld-30,30,100000,2,9.14,4328.0,0.9945255474452555
455,gridworldpartial_scratch,DRQN-FTA-Gridworld-35,35,100000,3,9.18,4418.0,1.0
456,gridworldpartial_scratch,DRQN-FTA-Gridworld-35,35,100000,0,9.23,4669.0,1.0
457,gridworldpartial_scratch,DRQN-FTA-Gridworld-35,35,100000,4,9.39,4993.0,1.0
458,gridworldpartial_scratch,DRQN-FTA-Gridworld-35,35,100000,1,9.46,4777.0,1.0
459,gridworldpartial_scratch,DRQN-FTA-Gridworld-35,35,100000,2,9.219999999999999,4518.0,1.0
460,gridworldpartial_scratch,DRQN-FTA-Gridworld-40,40,100000,3,9.54,6448.0,1.0
461,gridworldpartial_scratch,DRQN-FTA-Gridworld-40,40,100000,0,9.530000000000001,6584.0,1.0
462,gridworldpartial_scratch,DRQN-FTA-Gridworld-40,40,100000,1,9.629999999999999,6876.0,1.0
463,gridworldpartial_scratch,DRQN-FTA-Gridworld-40,40,100000,4,9.09,6815.0,1.0
464,gridworldpartial_scratch,DRQN-FTA-Gridworld-40,40,100000,2,9.66,6821.0,1.0
465,gridworldpartial_scratch,DRQN-FTA-Gridworld-45,45,100000,0,9.35,5349.0,1.0
466,gridworldpartial_scratch,DRQN-FTA-Gridworld-45,45,100000,3,9.29,5114.0,1.0
467,gridworldpartial_scratch,DRQN-FTA-Gridworld-45,45,100000,1,9.44,5336.0,0.9984423676012462
468,gridworldpartial_scratch,DRQN-FTA-Gridworld-45,45,100000,4,9.51,5560.0,1.0
469,gridworldpartial_scratch,DRQN-FTA-Gridworld-45,45,100000,2,9.280000000000001,5111.0,0.9985141158989599
470,gridworldpartial_scratch,DRQN-FTA-Gridworld-5,5,100000,0,8.7,3389.0,0.997946611909651
471,gridworldpartial_scratch,DRQN-FTA-Gridworld-5,5,100000,3,7.8100000000000005,2939.0,1.0
472,gridworldpartial_scratch,DRQN-FTA-Gridworld-5,5,100000,4,8.68,3331.0,1.0
473,gridworldpartial_scratch,DRQN-FTA-Gridworld-5,5,100000,1,8.08,3062.0,0.9979123173277662
474,gridworldpartial_scratch,DRQN-FTA-Gridworld-5,5,100000,2,8.780000000000001,3301.0,1.0
475,gridworldpartial_scratch,DRQN-FTA-Gridworld-50,50,100000,0,9.81,7659.0,1.0
476,gridworldpartial_scratch,DRQN-FTA-Gridworld-50,50,100000,3,9.620000000000001,7392.0,1.0
477,gridworldpartial_scratch,DRQN-FTA-Gridworld-50,50,100000,1,9.27,7299.0,1.0
478,gridworldpartial_scratch,DRQN-FTA-Gridworld-50,50,100000,4,9.280000000000001,7580.0,1.0
479,gridworldpartial_scratch,DRQN-FTA-Gridworld-50,50,100000,2,9.870000000000001,7611.0,1.0
480,gridworldpartial_scratch,DRQN-FTA-Gridworld-55,55,100000,0,9.85,6971.0,1.0
481,gridworldpartial_scratch,DRQN-FTA-Gridworld-55,55,100000,3,8.870000000000001,6105.0,1.0
482,gridworldpartial_scratch,DRQN-FTA-Gridworld-55,55,100000,4,9.36,6911.0,1.0
483,gridworldpartial_scratch,DRQN-FTA-Gridworld-55,55,100000,1,9.57,6826.0,1.0
484,gridworldpartial_scratch,DRQN-FTA-Gridworld-55,55,100000,2,9.91,7001.0,1.0
485,gridworldpartial_scratch,DRQN-FTA-Gridworld-60,60,100000,0,9.39,5741.0,1.0
486,gridworldpartial_scratch,DRQN-FTA-Gridworld-60,60,100000,3,8.43,4963.0,1.0
487,gridworldpartial_scratch,DRQN-FTA-Gridworld-60,60,100000,4,9.25,5810.0,1.0
488,gridworldpartial_scratch,DRQN-FTA-Gridworld-60,60,100000,1,9.07,5462.0,1.0
489,gridworldpartial_scratch,DRQN-FTA-Gridworld-60,60,100000,2,8.91,5197.0,1.0
490,gridworldpartial_scratch,DRQN-FTA-Gridworld-65,65,100000,0,7.45,5038.0,1.0
491,gridworldpartial_scratch,DRQN-FTA-Gridworld-65,65,100000,3,8.98,5987.0,1.0
492,gridworldpartial_scratch,DRQN-FTA-Gridworld-65,65,100000,1,8.18,5471.0,1.0
493,gridworldpartial_scratch,DRQN-FTA-Gridworld-65,65,100000,4,9.3,6433.0,1.0
494,gridworldpartial_scratch,DRQN-FTA-Gridworld-65,65,100000,2,9.2,6159.0,1.0
495,gridworldpartial_scratch,DRQN-FTA-Gridworld-70,70,100000,0,9.780000000000001,8270.0,1.0
496,gridworldpartial_scratch,DRQN-FTA-Gridworld-70,70,100000,3,9.879999999999999,8102.0,1.0
497,gridworldpartial_scratch,DRQN-FTA-Gridworld-70,70,100000,4,9.65,8165.0,1.0
498,gridworldpartial_scratch,DRQN-FTA-Gridworld-70,70,100000,1,9.74,8308.0,0.9989484752891693
499,gridworldpartial_scratch,DRQN-FTA-Gridworld-70,70,100000,2,9.48,8207.0,1.0
500,gridworldpartial_scratch,DRQN-FTA-Gridworld-75,75,100000,0,9.26,5487.0,1.0
501,gridworldpartial_scratch,DRQN-FTA-Gridworld-75,75,100000,3,9.25,5134.0,0.9948979591836735
502,gridworldpartial_scratch,DRQN-FTA-Gridworld-75,75,100000,1,9.24,5254.0,1.0
503,gridworldpartial_scratch,DRQN-FTA-Gridworld-75,75,100000,4,9.24,5219.0,1.0
504,gridworldpartial_scratch,DRQN-FTA-Gridworld-75,75,100000,2,9.93,5451.0,0.9984591679506933
505,gridworldpartial_scratch,DRQN-FTA-Gridworld-80,80,100000,0,9.84,6316.0,1.0
506,gridworldpartial_scratch,DRQN-FTA-Gridworld-80,80,100000,3,9.530000000000001,6022.0,1.0
507,gridworldpartial_scratch,DRQN-FTA-Gridworld-80,80,100000,1,9.58,6248.0,1.0
508,gridworldpartial_scratch,DRQN-FTA-Gridworld-80,80,100000,4,9.55,6000.0,0.9971949509116409
509,gridworldpartial_scratch,DRQN-FTA-Gridworld-80,80,100000,2,9.84,6318.0,0.9985693848354793
510,gridworldpartial_scratch,DRQN-FTA-Gridworld-85,85,100000,0,9.23,3967.0,0.9979296066252588
511,gridworldpartial_scratch,DRQN-FTA-Gridworld-85,85,100000,3,7.970000000000001,3132.0,0.9919028340080972
512,gridworldpartial_scratch,DRQN-FTA-Gridworld-85,85,100000,1,8.530000000000001,3580.0,0.9979879275653923
513,gridworldpartial_scratch,DRQN-FTA-Gridworld-85,85,100000,4,1.4100000000000001,151.0,0.25
514,gridworldpartial_scratch,DRQN-FTA-Gridworld-85,85,100000,2,9.25,3895.0,0.9979838709677419
515,gridworldpartial_scratch,DRQN-FTA-Gridworld-90,90,100000,0,9.719999999999999,7322.0,1.0
516,gridworldpartial_scratch,DRQN-FTA-Gridworld-90,90,100000,3,9.7,7212.0,0.9988532110091743
517,gridworldpartial_scratch,DRQN-FTA-Gridworld-90,90,100000,4,8.99,6747.0,1.0
518,gridworldpartial_scratch,DRQN-FTA-Gridworld-90,90,100000,1,9.52,7349.0,1.0
519,gridworldpartial_scratch,DRQN-FTA-Gridworld-90,90,100000,2,9.82,7451.0,1.0
520,gridworldpartial_scratch,DRQN-FTA-Gridworld-95,95,100000,3,9.01,4671.0,1.0
521,gridworldpartial_scratch,DRQN-FTA-Gridworld-95,95,100000,0,9.73,5160.0,1.0
522,gridworldpartial_scratch,DRQN-FTA-Gridworld-95,95,100000,1,9.29,4801.0,0.998371335504886
523,gridworldpartial_scratch,DRQN-FTA-Gridworld-95,95,100000,4,9.790000000000001,5242.0,0.9967479674796748
524,gridworldpartial_scratch,DRQN-FTA-Gridworld-95,95,100000,2,9.780000000000001,5223.0,0.9983948635634029
525,gridworldpartial_scratch,DRQN-ReLU-Gridworld-0,0,100000,0,7.98,2888.0,0.9976303317535545
526,gridworldpartial_scratch,DRQN-ReLU-Gridworld-0,0,100000,3,7.08,2538.0,1.0
527,gridworldpartial_scratch,DRQN-ReLU-Gridworld-0,0,100000,4,8.59,3024.0,0.9952038369304557
528,gridworldpartial_scratch,DRQN-ReLU-Gridworld-0,0,100000,1,7.29,2432.0,0.9953161592505855
529,gridworldpartial_scratch,DRQN-ReLU-Gridworld-0,0,100000,2,8.42,3045.0,0.9953051643192489
530,gridworldpartial_scratch,DRQN-ReLU-Gridworld-10,10,100000,3,8.24,3011.0,0.9977578475336323
531,gridworldpartial_scratch,DRQN-ReLU-Gridworld-10,10,100000,0,8.530000000000001,3257.0,1.0
532,gridworldpartial_scratch,DRQN-ReLU-Gridworld-10,10,100000,4,8.48,3222.0,1.0
533,gridworldpartial_scratch,DRQN-ReLU-Gridworld-10,10,100000,1,8.7,3358.0,1.0
534,gridworldpartial_scratch,DRQN-ReLU-Gridworld-10,10,100000,2,9.120000000000001,3357.0,1.0
535,gridworldpartial_scratch,DRQN-ReLU-Gridworld-100,100,100000,0,8.79,3761.0,1.0
536,gridworldpartial_scratch,DRQN-ReLU-Gridworld-100,100,100000,3,8.129999999999999,3261.0,0.9959758551307847
537,gridworldpartial_scratch,DRQN-ReLU-Gridworld-100,100,100000,1,9.23,3900.0,1.0
538,gridworldpartial_scratch,DRQN-ReLU-Gridworld-100,100,100000,4,9.06,3797.0,1.0
539,gridworldpartial_scratch,DRQN-ReLU-Gridworld-100,100,100000,2,8.49,3685.0,1.0
540,gridworldpartial_scratch,DRQN-ReLU-Gridworld-105,105,100000,0,9.870000000000001,4254.0,0.997867803837953
541,gridworldpartial_scratch,DRQN-ReLU-Gridworld-105,105,100000,3,8.99,3782.0,0.9979166666666667
542,gridworldpartial_scratch,DRQN-ReLU-Gridworld-105,105,100000,4,8.4,3348.0,0.9937369519832986
543,gridworldpartial_scratch,DRQN-ReLU-Gridworld-105,105,100000,1,9.25,3963.0,1.0
544,gridworldpartial_scratch,DRQN-ReLU-Gridworld-105,105,100000,2,9.14,3893.0,1.0
545,gridworldpartial_scratch,DRQN-ReLU-Gridworld-110,110,100000,3,9.6,7676.0,1.0
546,gridworldpartial_scratch,DRQN-ReLU-Gridworld-110,110,100000,0,9.82,7737.0,1.0
547,gridworldpartial_scratch,DRQN-ReLU-Gridworld-110,110,100000,1,9.5,7565.0,1.0
548,gridworldpartial_scratch,DRQN-ReLU-Gridworld-110,110,100000,4,9.57,7531.0,1.0
549,gridworldpartial_scratch,DRQN-ReLU-Gridworld-110,110,100000,2,8.66,6677.0,1.0
550,gridworldpartial_scratch,DRQN-ReLU-Gridworld-115,115,100000,3,8.26,2935.0,0.9953271028037384
551,gridworldpartial_scratch,DRQN-ReLU-Gridworld-115,115,100000,0,7.5600000000000005,2862.0,0.9955056179775281
552,gridworldpartial_scratch,DRQN-ReLU-Gridworld-115,115,100000,1,7.9,2943.0,0.9955156950672646
553,gridworldpartial_scratch,DRQN-ReLU-Gridworld-115,115,100000,4,8.09,3018.0,1.0
554,gridworldpartial_scratch,DRQN-ReLU-Gridworld-115,115,100000,2,5.35,1727.0,0.9977220956719818
555,gridworldpartial_scratch,DRQN-ReLU-Gridworld-120,120,100000,3,9.18,3928.0,1.0
556,gridworldpartial_scratch,DRQN-ReLU-Gridworld-120,120,100000,0,8.620000000000001,3640.0,0.9979508196721312
557,gridworldpartial_scratch,DRQN-ReLU-Gridworld-120,120,100000,1,9.31,3901.0,1.0
558,gridworldpartial_scratch,DRQN-ReLU-Gridworld-120,120,100000,4,9.23,3732.0,0.9978586723768736
559,gridworldpartial_scratch,DRQN-ReLU-Gridworld-120,120,100000,2,9.56,4010.0,1.0
560,gridworldpartial_scratch,DRQN-ReLU-Gridworld-125,125,100000,3,8.55,3997.0,0.9963570127504554
561,gridworldpartial_scratch,DRQN-ReLU-Gridworld-125,125,100000,0,8.66,4275.0,1.0
562,gridworldpartial_scratch,DRQN-ReLU-Gridworld-125,125,100000,4,7.73,3772.0,0.9981785063752276
563,gridworldpartial_scratch,DRQN-ReLU-Gridworld-125,125,100000,1,8.82,4336.0,1.0
564,gridworldpartial_scratch,DRQN-ReLU-Gridworld-125,125,100000,2,8.83,4225.0,0.9982142857142857
565,gridworldpartial_scratch,DRQN-ReLU-Gridworld-130,130,100000,3,8.91,5172.0,1.0
566,gridworldpartial_scratch,DRQN-ReLU-Gridworld-130,130,100000,0,9.94,5904.0,0.9984615384615385
567,gridworldpartial_scratch,DRQN-ReLU-Gridworld-130,130,100000,1,9.09,5283.0,1.0
568,gridworldpartial_scratch,DRQN-ReLU-Gridworld-130,130,100000,4,9.61,5848.0,1.0
569,gridworldpartial_scratch,DRQN-ReLU-Gridworld-130,130,100000,2,9.55,5667.0,1.0
570,gridworldpartial_scratch,DRQN-ReLU-Gridworld-135,135,100000,3,8.91,4985.0,1.0
571,gridworldpartial_scratch,DRQN-ReLU-Gridworld-135,135,100000,0,8.08,4174.0,1.0
572,gridworldpartial_scratch,DRQN-ReLU-Gridworld-135,135,100000,4,8.92,5063.0,1.0
573,gridworldpartial_scratch,DRQN-ReLU-Gridworld-135,135,100000,1,8.78,4928.0,0.9984423676012462
574,gridworldpartial_scratch,DRQN-ReLU-Gridworld-135,135,100000,2,8.530000000000001,4484.0,1.0
575,gridworldpartial_scratch,DRQN-ReLU-Gridworld-140,140,100000,3,8.64,5832.0,1.0
576,gridworldpartial_scratch,DRQN-ReLU-Gridworld-140,140,100000,0,9.27,6438.0,1.0
577,gridworldpartial_scratch,DRQN-ReLU-Gridworld-140,140,100000,4,9.73,6837.0,1.0
578,gridworldpartial_scratch,DRQN-ReLU-Gridworld-140,140,100000,1,9.44,6963.0,1.0
579,gridworldpartial_scratch,DRQN-ReLU-Gridworld-140,140,100000,2,9.67,6734.0,1.0
580,gridworldpartial_scratch,DRQN-ReLU-Gridworld-145,145,100000,0,9.42,5679.0,0.9985250737463127
581,gridworldpartial_scratch,DRQN-ReLU-Gridworld-145,145,100000,3,8.719999999999999,5154.0,1.0
582,gridworldpartial_scratch,DRQN-ReLU-Gridworld-145,145,100000,1,9.58,6095.0,1.0
583,gridworldpartial_scratch,DRQN-ReLU-Gridworld-145,145,100000,4,9.7,5902.0,1.0
584,gridworldpartial_scratch,DRQN-ReLU-Gridworld-145,145,100000,2,8.54,5050.0,1.0
585,gridworldpartial_scratch,DRQN-ReLU-Gridworld-15,15,100000,0,8.96,4332.0,0.9965277777777778
586,gridworldpartial_scratch,DRQN-ReLU-Gridworld-15,15,100000,3,8.39,3975.0,0.9982046678635548
587,gridworldpartial_scratch,DRQN-ReLU-Gridworld-15,15,100000,4,9.15,4357.0,0.9983471074380166
588,gridworldpartial_scratch,DRQN-ReLU-Gridworld-15,15,100000,1,9.530000000000001,4604.0,0.9930555555555556
589,gridworldpartial_scratch,DRQN-ReLU-Gridworld-15,15,100000,2,9.5,4534.0,0.9964788732394366
590,gridworldpartial_scratch,DRQN-ReLU-Gridworld-150,150,100000,0,9.25,4588.0,1.0
591,gridworldpartial_scratch,DRQN-ReLU-Gridworld-150,150,100000,3,9.190000000000001,4492.0,1.0
592,gridworldpartial_scratch,DRQN-ReLU-Gridworld-150,150,100000,4,9.54,4809.0,1.0
593,gridworldpartial_scratch,DRQN-ReLU-Gridworld-150,150,100000,1,8.5,4228.0,1.0
594,gridworldpartial_scratch,DRQN-ReLU-Gridworld-150,150,100000,2,9.190000000000001,4582.0,1.0
595,gridworldpartial_scratch,DRQN-ReLU-Gridworld-155,155,100000,0,8.23,3557.0,1.0
596,gridworldpartial_scratch,DRQN-ReLU-Gridworld-155,155,100000,3,8.58,3533.0,1.0
597,gridworldpartial_scratch,DRQN-ReLU-Gridworld-155,155,100000,1,8.879999999999999,3778.0,1.0
598,gridworldpartial_scratch,DRQN-ReLU-Gridworld-155,155,100000,4,8.2,3295.0,1.0
599,gridworldpartial_scratch,DRQN-ReLU-Gridworld-155,155,100000,2,8.89,3713.0,1.0
600,gridworldpartial_scratch,DRQN-ReLU-Gridworld-160,160,100000,3,9.07,4979.0,1.0
601,gridworldpartial_scratch,DRQN-ReLU-Gridworld-160,160,100000,0,9.46,5443.0,1.0
602,gridworldpartial_scratch,DRQN-ReLU-Gridworld-160,160,100000,1,9.48,5566.0,1.0
603,gridworldpartial_scratch,DRQN-ReLU-Gridworld-160,160,100000,4,9.61,5487.0,1.0
604,gridworldpartial_scratch,DRQN-ReLU-Gridworld-160,160,100000,2,9.3,5481.0,1.0
605,gridworldpartial_scratch,DRQN-ReLU-Gridworld-165,165,100000,0,8.98,4219.0,1.0
606,gridworldpartial_scratch,DRQN-ReLU-Gridworld-165,165,100000,3,8.95,4198.0,1.0
607,gridworldpartial_scratch,DRQN-ReLU-Gridworld-165,165,100000,4,8.92,4414.0,1.0
608,gridworldpartial_scratch,DRQN-ReLU-Gridworld-165,165,100000,1,8.86,4228.0,1.0
609,gridworldpartial_scratch,DRQN-ReLU-Gridworld-165,165,100000,2,9.1,4316.0,0.9981308411214953
610,gridworldpartial_scratch,DRQN-ReLU-Gridworld-170,170,100000,3,8.24,3384.0,1.0
611,gridworldpartial_scratch,DRQN-ReLU-Gridworld-170,170,100000,0,8.620000000000001,3734.0,1.0
612,gridworldpartial_scratch,DRQN-ReLU-Gridworld-170,170,100000,4,8.18,3512.0,1.0
613,gridworldpartial_scratch,DRQN-ReLU-Gridworld-170,170,100000,1,8.85,3806.0,1.0
614,gridworldpartial_scratch,DRQN-ReLU-Gridworld-170,170,100000,2,9.11,3945.0,1.0
615,gridworldpartial_scratch,DRQN-ReLU-Gridworld-20,20,100000,0,9.379999999999999,5289.0,0.9985401459854014
616,gridworldpartial_scratch,DRQN-ReLU-Gridworld-20,20,100000,3,9.04,4946.0,1.0
617,gridworldpartial_scratch,DRQN-ReLU-Gridworld-20,20,100000,4,9.17,5261.0,1.0
618,gridworldpartial_scratch,DRQN-ReLU-Gridworld-20,20,100000,1,9.1,5122.0,1.0
619,gridworldpartial_scratch,DRQN-ReLU-Gridworld-20,20,100000,2,8.86,4756.0,0.9984662576687117
620,gridworldpartial_scratch,DRQN-ReLU-Gridworld-25,25,100000,3,8.34,3684.0,1.0
621,gridworldpartial_scratch,DRQN-ReLU-Gridworld-25,25,100000,0,8.84,3854.0,1.0
622,gridworldpartial_scratch,DRQN-ReLU-Gridworld-25,25,100000,1,8.690000000000001,4085.0,0.9982394366197183
623,gridworldpartial_scratch,DRQN-ReLU-Gridworld-25,25,100000,4,8.940000000000001,4043.0,1.0
624,gridworldpartial_scratch,DRQN-ReLU-Gridworld-25,25,100000,2,8.959999999999999,4228.0,0.9947643979057592
625,gridworldpartial_scratch,DRQN-ReLU-Gridworld-30,30,100000,3,9.04,4654.0,1.0
626,gridworldpartial_scratch,DRQN-ReLU-Gridworld-30,30,100000,0,8.85,4633.0,0.998324958123953
627,gridworldpartial_scratch,DRQN-ReLU-Gridworld-30,30,100000,1,8.46,3852.0,1.0
628,gridworldpartial_scratch,DRQN-ReLU-Gridworld-30,30,100000,4,9.22,4715.0,0.9948006932409013
629,gridworldpartial_scratch,DRQN-ReLU-Gridworld-30,30,100000,2,9.1,4540.0,1.0
630,gridworldpartial_scratch,DRQN-ReLU-Gridworld-35,35,100000,0,9.04,4674.0,1.0
631,gridworldpartial_scratch,DRQN-ReLU-Gridworld-35,35,100000,3,9.31,4932.0,1.0
632,gridworldpartial_scratch,DRQN-ReLU-Gridworld-35,35,100000,4,8.99,4756.0,0.9984126984126984
633,gridworldpartial_scratch,DRQN-ReLU-Gridworld-35,35,100000,1,9.35,4706.0,1.0
634,gridworldpartial_scratch,DRQN-ReLU-Gridworld-35,35,100000,2,9.530000000000001,4930.0,0.9983498349834984
635,gridworldpartial_scratch,DRQN-ReLU-Gridworld-40,40,100000,0,9.46,6980.0,1.0
636,gridworldpartial_scratch,DRQN-ReLU-Gridworld-40,40,100000,3,9.56,6894.0,1.0
637,gridworldpartial_scratch,DRQN-ReLU-Gridworld-40,40,100000,4,9.42,7115.0,1.0
638,gridworldpartial_scratch,DRQN-ReLU-Gridworld-40,40,100000,1,9.92,7621.0,1.0
639,gridworldpartial_scratch,DRQN-ReLU-Gridworld-40,40,100000,2,9.57,7337.0,1.0
640,gridworldpartial_scratch,DRQN-ReLU-Gridworld-45,45,100000,3,8.38,4913.0,0.9985935302390999
641,gridworldpartial_scratch,DRQN-ReLU-Gridworld-45,45,100000,0,7.96,4627.0,1.0
642,gridworldpartial_scratch,DRQN-ReLU-Gridworld-45,45,100000,4,8.66,5017.0,1.0
643,gridworldpartial_scratch,DRQN-ReLU-Gridworld-45,45,100000,1,8.93,4849.0,1.0
644,gridworldpartial_scratch,DRQN-ReLU-Gridworld-45,45,100000,2,9.6,5654.0,1.0
645,gridworldpartial_scratch,DRQN-ReLU-Gridworld-5,5,100000,3,7.8500000000000005,3189.0,1.0
646,gridworldpartial_scratch,DRQN-ReLU-Gridworld-5,5,100000,0,8.89,3824.0,1.0
647,gridworldpartial_scratch,DRQN-ReLU-Gridworld-5,5,100000,1,8.030000000000001,3206.0,1.0
648,gridworldpartial_scratch,DRQN-ReLU-Gridworld-5,5,100000,4,8.59,3454.0,0.9979633401221996
649,gridworldpartial_scratch,DRQN-ReLU-Gridworld-5,5,100000,2,8.83,3572.0,0.9980353634577603
650,gridworldpartial_scratch,DRQN-ReLU-Gridworld-50,50,100000,3,9.27,7464.0,0.9989327641408752
651,gridworldpartial_scratch,DRQN-ReLU-Gridworld-50,50,100000,0,9.96,8279.0,1.0
652,gridworldpartial_scratch,DRQN-ReLU-Gridworld-50,50,100000,1,9.8,8095.0,1.0
653,gridworldpartial_scratch,DRQN-ReLU-Gridworld-50,50,100000,4,9.33,7953.0,1.0
654,gridworldpartial_scratch,DRQN-ReLU-Gridworld-50,50,100000,2,9.21,7878.0,1.0
655,gridworldpartial_scratch,DRQN-ReLU-Gridworld-55,55,100000,3,9.06,6519.0,1.0
656,gridworldpartial_scratch,DRQN-ReLU-Gridworld-55,55,100000,0,9.19,7059.0,1.0
657,gridworldpartial_scratch,DRQN-ReLU-Gridworld-55,55,100000,1,9.969999999999999,7640.0,0.9987819732034104
658,gridworldpartial_scratch,DRQN-ReLU-Gridworld-55,55,100000,4,9.45,7217.0,1.0
659,gridworldpartial_scratch,DRQN-ReLU-Gridworld-55,55,100000,2,9.27,7000.0,1.0
660,gridworldpartial_scratch,DRQN-ReLU-Gridworld-60,60,100000,0,9.09,5774.0,1.0
661,gridworldpartial_scratch,DRQN-ReLU-Gridworld-60,60,100000,3,9.71,6031.0,1.0
662,gridworldpartial_scratch,DRQN-ReLU-Gridworld-60,60,100000,4,9.16,5884.0,0.9985358711566618
663,gridworldpartial_scratch,DRQN-ReLU-Gridworld-60,60,100000,1,6.26,3678.0,0.9985228951255539
664,gridworldpartial_scratch,DRQN-ReLU-Gridworld-60,60,100000,2,6.69,4008.0,1.0
665,gridworldpartial_scratch,DRQN-ReLU-Gridworld-65,65,100000,0,9.32,6490.0,1.0
666,gridworldpartial_scratch,DRQN-ReLU-Gridworld-65,65,100000,3,9.0,6162.0,1.0
667,gridworldpartial_scratch,DRQN-ReLU-Gridworld-65,65,100000,4,9.23,6743.0,1.0
668,gridworldpartial_scratch,DRQN-ReLU-Gridworld-65,65,100000,1,8.280000000000001,5623.0,1.0
669,gridworldpartial_scratch,DRQN-ReLU-Gridworld-65,65,100000,2,8.84,6177.0,1.0
670,gridworldpartial_scratch,DRQN-ReLU-Gridworld-70,70,100000,3,9.11,7422.0,1.0
671,gridworldpartial_scratch,DRQN-ReLU-Gridworld-70,70,100000,0,9.6,8598.0,1.0
672,gridworldpartial_scratch,DRQN-ReLU-Gridworld-70,70,100000,1,9.58,8453.0,1.0
673,gridworldpartial_scratch,DRQN-ReLU-Gridworld-70,70,100000,4,9.64,8570.0,1.0
674,gridworldpartial_scratch,DRQN-ReLU-Gridworld-70,70,100000,2,9.95,8743.0,1.0
675,gridworldpartial_scratch,DRQN-ReLU-Gridworld-75,75,100000,3,8.120000000000001,4375.0,0.9984567901234568
676,gridworldpartial_scratch,DRQN-ReLU-Gridworld-75,75,100000,0,9.94,5924.0,1.0
677,gridworldpartial_scratch,DRQN-ReLU-Gridworld-75,75,100000,1,9.9,6003.0,0.9984567901234568
678,gridworldpartial_scratch,DRQN-ReLU-Gridworld-75,75,100000,4,9.86,5970.0,1.0
679,gridworldpartial_scratch,DRQN-ReLU-Gridworld-75,75,100000,2,9.21,5647.0,1.0
680,gridworldpartial_scratch,DRQN-ReLU-Gridworld-80,80,100000,0,9.99,6793.0,1.0
681,gridworldpartial_scratch,DRQN-ReLU-Gridworld-80,80,100000,3,10.0,6974.0,1.0
682,gridworldpartial_scratch,DRQN-ReLU-Gridworld-80,80,100000,1,9.39,6383.0,1.0
683,gridworldpartial_scratch,DRQN-ReLU-Gridworld-80,80,100000,4,9.47,6688.0,1.0
684,gridworldpartial_scratch,DRQN-ReLU-Gridworld-80,80,100000,2,9.21,6387.0,1.0
685,gridworldpartial_scratch,DRQN-ReLU-Gridworld-85,85,100000,0,8.5,3834.0,1.0
686,gridworldpartial_scratch,DRQN-ReLU-Gridworld-85,85,100000,3,9.24,4333.0,1.0
687,gridworldpartial_scratch,DRQN-ReLU-Gridworld-85,85,100000,4,8.79,4151.0,1.0
688,gridworldpartial_scratch,DRQN-ReLU-Gridworld-85,85,100000,1,7.66,3442.0,0.9960552268244576
689,gridworldpartial_scratch,DRQN-ReLU-Gridworld-85,85,100000,2,8.7,4029.0,0.9980988593155894
690,gridworldpartial_scratch,DRQN-ReLU-Gridworld-90,90,100000,0,8.68,5835.0,0.9988851727982163
691,gridworldpartial_scratch,DRQN-ReLU-Gridworld-90,90,100000,3,9.27,7330.0,1.0
692,gridworldpartial_scratch,DRQN-ReLU-Gridworld-90,90,100000,1,9.75,7882.0,1.0
693,gridworldpartial_scratch,DRQN-ReLU-Gridworld-90,90,100000,4,9.82,7970.0,1.0
694,gridworldpartial_scratch,DRQN-ReLU-Gridworld-90,90,100000,2,9.870000000000001,7736.0,1.0
695,gridworldpartial_scratch,DRQN-ReLU-Gridworld-95,95,100000,3,9.09,5054.0,1.0
696,gridworldpartial_scratch,DRQN-ReLU-Gridworld-95,95,100000,0,9.49,5457.0,1.0
697,gridworldpartial_scratch,DRQN-ReLU-Gridworld-95,95,100000,4,9.43,5327.0,0.9983766233766234
698,gridworldpartial_scratch,DRQN-ReLU-Gridworld-95,95,100000,1,8.19,4103.0,1.0
699,gridworldpartial_scratch,DRQN-ReLU-Gridworld-95,95,100000,2,9.04,5137.0,1.0
